Feature ID	Taxon
AB042861_Lepisosteus_oculatus	k__Metazoa;p__Chordata;c__Actinopteri;o__Semionotiformes;f__Lepisosteidae;g__Lepisosteus;s__oculatus
AB042952_Amia_calva	k__Metazoa;p__Chordata;c__Actinopteri;o__Amiiformes;f__Amiidae;g__Amia;s__calva
AB048590.1	k__Metazoa;p__Chordata;c__Mammalia;o__Carnivora;f__Canidae;g__Canis;s__lupus_familiaris
AB049357.1	k__Metazoa;p__Chordata;c__Mammalia;o__Rodentia;f__Muridae;g__Mus;s__musculus
AB098844.1	k__Metazoa;p__Chordata;c__Mammalia;o__Artiodactyla;f__Bovidae;g__Bos;s__taurus
AB098857.1	k__Metazoa;p__Chordata;c__Mammalia;o__Artiodactyla;f__Bovidae;g__Bos;s__taurus
AB098866.1	k__Metazoa;p__Chordata;c__Mammalia;o__Artiodactyla;f__Bovidae;g__Bos;s__taurus
AB098882.1	k__Metazoa;p__Chordata;c__Mammalia;o__Artiodactyla;f__Bovidae;g__Bos;s__taurus
AB098885.1	k__Metazoa;p__Chordata;c__Mammalia;o__Artiodactyla;f__Bovidae;g__Bos;s__taurus
AB099115.1	k__Metazoa;p__Chordata;c__Mammalia;o__Artiodactyla;f__Bovidae;g__Bos;s__taurus
AB099116.1	k__Metazoa;p__Chordata;c__Mammalia;o__Artiodactyla;f__Bovidae;g__Bos;s__taurus
AB099119.1	k__Metazoa;p__Chordata;c__Mammalia;o__Artiodactyla;f__Bovidae;g__Bos;s__taurus
AB099145.1	k__Metazoa;p__Chordata;c__Mammalia;o__Artiodactyla;f__Bovidae;g__Bos;s__taurus
AB119065.1	k__Metazoa;p__Chordata;c__Mammalia;o__Carnivora;f__Mustelidae;g__Mustela;s__nivalis
AB119074.1	k__Metazoa;p__Chordata;c__Mammalia;o__Carnivora;f__Mustelidae;g__Neogale;s__vison
AB127393_Notemigonus_crysoleucas	k__Metazoa;p__Chordata;c__Actinopteri;o__Cypriniformes;f__Leuciscidae;g__Notemigonus;s__crysoleucas
AB127394_Catostomus_commersonii	k__Metazoa;p__Chordata;c__Actinopteri;o__Cypriniformes;f__Catostomidae;g__Catostomus;s__commersonii
AB183258.1	k__Metazoa;p__Chordata;c__Mammalia;o__Rodentia;f__Muridae;g__Rattus;s__norvegicus
AB188190_Cottus_cognatus	k__Metazoa;p__Chordata;c__Actinopteri;o__Perciformes;f__Cottidae;g__Cottus;s__cognatus
AB242166_Minytrema_melanops	k__Metazoa;p__Chordata;c__Actinopteri;o__Cypriniformes;f__Catostomidae;g__Minytrema;s__melanops
AB291073.1	k__Metazoa;p__Chordata;c__Mammalia;o__Carnivora;f__Procyonidae;g__Procyon;s__lotor
AB378750_Micropterus_dolomieu	k__Metazoa;p__Chordata;c__Actinopteri;o__Centrarchiformes;f__Centrarchidae;g__Micropterus;s__dolomieu
AB445125_Culaea_inconstans	k__Metazoa;p__Chordata;c__Actinopteri;o__Perciformes;f__Gasterosteidae;g__Culaea;s__inconstans
AB445130_Pungitius_pungitius	k__Metazoa;p__Chordata;c__Actinopteri;o__Perciformes;f__Gasterosteidae;g__Pungitius;s__pungitius
AB499818.1	k__Metazoa;p__Chordata;c__Mammalia;o__Carnivora;f__Canidae;g__Canis;s__lupus
AB761267.1	k__Metazoa;p__Chordata;c__Amphibia;o__Anura;f__Ranidae;g__Lithobates;s__catesbeianus
AF023195_Notropis_atherinoides	k__Metazoa;p__Chordata;c__Actinopteri;o__Cypriniformes;f__Leuciscidae;g__Notropis;s__atherinoides
AF023197_Platygobio_gracilis	k__Metazoa;p__Chordata;c__Actinopteri;o__Cypriniformes;f__Leuciscidae;g__Platygobio;s__gracilis
AF023199_Semotilus_atromaculatus	k__Metazoa;p__Chordata;c__Actinopteri;o__Cypriniformes;f__Leuciscidae;g__Semotilus;s__atromaculatus
AF038020.2	k__Metazoa;p__Chordata;c__Mammalia;o__Rodentia;f__Sciuridae;g__Glaucomys;s__volans
AF038492_Phenacobius_mirabilis	k__Metazoa;p__Chordata;c__Actinopteri;o__Cypriniformes;f__Leuciscidae;g__Phenacobius;s__mirabilis
AF049731_Percopsis_omiscomaycus	k__Metazoa;p__Chordata;c__Actinopteri;o__Percopsiformes;f__Percopsidae;g__Percopsis;s__omiscomaycus
AF069423.1	k__Metazoa;p__Chordata;c__Reptilia;o__Testudines;f__Emydidae;g__Chrysemys;s__picta
AF069539.1	k__Metazoa;p__Chordata;c__Mammalia;o__Eulipotyphla;f__Talpidae;g__Scalopus;s__aquaticus
AF081849_Macrhybopsis_aestivalis	k__Metazoa;p__Chordata;c__Actinopteri;o__Cypriniformes;f__Leuciscidae;g__Macrhybopsis;s__aestivalis
AF081852_Macrhybopsis_storeriana	k__Metazoa;p__Chordata;c__Actinopteri;o__Cypriniformes;f__Leuciscidae;g__Macrhybopsis;s__storeriana
AF090337.1	k__Metazoa;p__Chordata;c__Aves;o__Anseriformes;f__Anatidae;g__Aythya;s__americana
AF090338.1	k__Metazoa;p__Chordata;c__Aves;o__Falconiformes;f__Falconidae;g__Falco;s__peregrinus
AF113120_Oncorhynchus_mykiss	k__Metazoa;p__Chordata;c__Actinopteri;o__Salmoniformes;f__Salmonidae;g__Oncorhynchus;s__mykiss
AF125594_Polyodon_spathula	k__Metazoa;p__Chordata;c__Actinopteri;o__Acipenseriformes;f__Polyodontidae;g__Polyodon;s__spathula
AF125594_Polyodon_spathula_modified	k__Metazoa;p__Chordata;c__Actinopteri;o__Acipenseriformes;f__Polyodontidae;g__Polyodon;s__spathula
AF125595_Acipenser_fulvescens	k__Metazoa;p__Chordata;c__Actinopteri;o__Acipenseriformes;f__Acipenseridae;g__Acipenser;s__fulvescens
AF126357_Pimephales_promelas	k__Metazoa;p__Chordata;c__Actinopteri;o__Cypriniformes;f__Leuciscidae;g__Pimephales;s__promelas
AF126363_Pimephales_promelas	k__Metazoa;p__Chordata;c__Actinopteri;o__Cypriniformes;f__Leuciscidae;g__Pimephales;s__promelas
AF126364_Pimephales_promelas	k__Metazoa;p__Chordata;c__Actinopteri;o__Cypriniformes;f__Leuciscidae;g__Pimephales;s__promelas
AF148327_Notropis_dorsalis	k__Metazoa;p__Chordata;c__Actinopteri;o__Cypriniformes;f__Leuciscidae;g__Notropis;s__dorsalis
AF148332_Hybopsis_amblops	k__Metazoa;p__Chordata;c__Actinopteri;o__Cypriniformes;f__Leuciscidae;g__Hybopsis;s__amblops
AF149986_Percopsis_omiscomaycus	k__Metazoa;p__Chordata;c__Actinopteri;o__Percopsiformes;f__Percopsidae;g__Percopsis;s__omiscomaycus
AF150003_Gambusia_affinis	k__Metazoa;p__Chordata;c__Actinopteri;o__Cyprinodontiformes;f__Poeciliidae;g__Gambusia;s__affinis
AF150004_Lepomis_macrochirus	k__Metazoa;p__Chordata;c__Actinopteri;o__Centrarchiformes;f__Centrarchidae;g__Lepomis;s__macrochirus
AF150005_Morone_chrysops	k__Metazoa;p__Chordata;c__Actinopteri;o__Moroniformes;f__Moronidae;g__Morone;s__chrysops
AF154850_Salvelinus_fontinalis	k__Metazoa;p__Chordata;c__Actinopteri;o__Salmoniformes;f__Salmonidae;g__Salvelinus;s__fontinalis
AF171659.1	k__Metazoa;p__Chordata;c__Aves;o__Passeriformes;f__Fringillidae;g__Acanthis;s__hornemanni
AF173562.1	k__Metazoa;p__Chordata;c__Aves;o__Piciformes;f__Picidae;g__Dryobates;s__pubescens
AF173564.1	k__Metazoa;p__Chordata;c__Aves;o__Gruiformes;f__Gruidae;g__Antigone;s__canadensis
AF173565.1	k__Metazoa;p__Chordata;c__Aves;o__Charadriiformes;f__Charadriidae;g__Charadrius;s__semipalmatus
AF173566.1	k__Metazoa;p__Chordata;c__Aves;o__Charadriiformes;f__Laridae;g__Larus;s__glaucoides
AF173567.1	k__Metazoa;p__Chordata;c__Aves;o__Podicipediformes;f__Podicipedidae;g__Podiceps;s__auritus
AF173570.1	k__Metazoa;p__Chordata;c__Aves;o__Pelecaniformes;f__Pelecanidae;g__Pelecanus;s__occidentalis
AF173576.1	k__Metazoa;p__Chordata;c__Aves;o__Pelecaniformes;f__Fregatidae;g__Fregata;s__magnificens
AF173577.1	k__Metazoa;p__Chordata;c__Aves;o__Gaviiformes;f__Gaviidae;g__Gavia;s__immer
AF173578.1	k__Metazoa;p__Chordata;c__Aves;o__Gaviiformes;f__Gaviidae;g__Gavia;s__stellata
AF173580.1	k__Metazoa;p__Chordata;c__Aves;o__Pelecaniformes;f__Phalacrocoracidae;g__Phalacrocorax;s__brasilianus
AF173582.1	k__Metazoa;p__Chordata;c__Aves;o__Cuculiformes;f__Coccyzidae;g__Coccyzus;s__americanus
AF173585.1	k__Metazoa;p__Chordata;c__Aves;o__Columbiformes;f__Columbidae;g__Columba;s__livia
AF173593.1	k__Metazoa;p__Chordata;c__Aves;o__Strigiformes;f__Strigidae;g__Bubo;s__virginianus
AF173599.1	k__Metazoa;p__Chordata;c__Aves;o__Passeriformes;f__Turdidae;g__Turdus;s__migratorius
AF173600.1	k__Metazoa;p__Chordata;c__Aves;o__Passeriformes;f__Tyrannidae;g__Tyrannus;s__tyrannus
AF222576.1	k__Metazoa;p__Chordata;c__Aves;o__Galliformes;f__Odontophoridae;g__Colinus;s__virginianus
AF222590.1	k__Metazoa;p__Chordata;c__Aves;o__Galliformes;f__Phasianidae;g__Perdix;s__perdix
AF222598.1	k__Metazoa;p__Chordata;c__Aves;o__Galliformes;f__Phasianidae;g__Tympanuchus;s__phasianellus
AF231330.1	k__Metazoa;p__Chordata;c__Aves;o__Strigiformes;f__Strigidae;g__Athene;s__cunicularia
AF266497_Anguilla_rostrata	k__Metazoa;p__Chordata;c__Actinopteri;o__Anguilliformes;f__Anguillidae;g__Anguilla;s__rostrata
AF285804.1	k__Metazoa;p__Chordata;c__Aves;o__Charadriiformes;f__Scolopacidae;g__Numenius;s__phaeopus
AF285805.1	k__Metazoa;p__Chordata;c__Aves;o__Charadriiformes;f__Scolopacidae;g__Numenius;s__phaeopus
AF285806.1	k__Metazoa;p__Chordata;c__Aves;o__Charadriiformes;f__Scolopacidae;g__Limnodromus;s__scolopaceus
AF285807.1	k__Metazoa;p__Chordata;c__Aves;o__Charadriiformes;f__Scolopacidae;g__Tringa;s__melanoleuca
AF285808.1	k__Metazoa;p__Chordata;c__Aves;o__Charadriiformes;f__Scolopacidae;g__Limosa;s__haemastica
AF285810.1	k__Metazoa;p__Chordata;c__Aves;o__Charadriiformes;f__Scolopacidae;g__Limosa;s__fedoa
AF326091.1	k__Metazoa;p__Chordata;c__Mammalia;o__Chiroptera;f__Vespertilionidae;g__Corynorhinus;s__rafinesquii
AF326092.1	k__Metazoa;p__Chordata;c__Mammalia;o__Chiroptera;f__Vespertilionidae;g__Eptesicus;s__fuscus
AF326095.1	k__Metazoa;p__Chordata;c__Mammalia;o__Chiroptera;f__Vespertilionidae;g__Lasionycteris;s__noctivagans
AF326102.1	k__Metazoa;p__Chordata;c__Mammalia;o__Chiroptera;f__Vespertilionidae;g__Nycticeius;s__humeralis
AF333595_Catostomus_catostomus	k__Metazoa;p__Chordata;c__Actinopteri;o__Cypriniformes;f__Catostomidae;g__Catostomus;s__catostomus
AF333596_Catostomus_commersonii	k__Metazoa;p__Chordata;c__Actinopteri;o__Cypriniformes;f__Catostomidae;g__Catostomus;s__commersonii
AF333599_Minytrema_melanops	k__Metazoa;p__Chordata;c__Actinopteri;o__Cypriniformes;f__Catostomidae;g__Minytrema;s__melanops
AF333600_Moxostoma_anisurum	k__Metazoa;p__Chordata;c__Actinopteri;o__Cypriniformes;f__Catostomidae;g__Moxostoma;s__anisurum
AF333601_Moxostoma_carinatum	k__Metazoa;p__Chordata;c__Actinopteri;o__Cypriniformes;f__Catostomidae;g__Moxostoma;s__carinatum
AF333606_Hypentelium_nigricans	k__Metazoa;p__Chordata;c__Actinopteri;o__Cypriniformes;f__Catostomidae;g__Hypentelium;s__nigricans
AF339358.1	k__Metazoa;p__Chordata;c__Aves;o__Pelecaniformes;f__Ardeidae;g__Nycticorax;s__nycticorax
AF357585_Misgurnus_anguillicaudatus	k__Metazoa;p__Chordata;c__Actinopteri;o__Cypriniformes;f__Cobitidae;g__Misgurnus;s__anguillicaudatus
AF362932.2	k__Metazoa;p__Chordata;c__Aves;o__Psittaciformes;f__Psittacidae;g__Myiopsitta;s__monachus
AF363031.1	k__Metazoa;p__Chordata;c__Aves;o__Anseriformes;f__Anatidae;g__Anser;s__albifrons
AF392054_Oncorhynchus_tshawytscha	k__Metazoa;p__Chordata;c__Actinopteri;o__Salmoniformes;f__Salmonidae;g__Oncorhynchus;s__tshawytscha
AF402625.1	k__Metazoa;p__Chordata;c__Reptilia;o__Squamata;f__Colubridae;g__Clonophis;s__kirtlandii
AF402626.1	k__Metazoa;p__Chordata;c__Reptilia;o__Squamata;f__Colubridae;g__Nerodia;s__cyclopion
AF402627.1	k__Metazoa;p__Chordata;c__Reptilia;o__Squamata;f__Colubridae;g__Nerodia;s__fasciata
AF402629.1	k__Metazoa;p__Chordata;c__Reptilia;o__Squamata;f__Colubridae;g__Nerodia;s__erythrogaster
AF402630.1	k__Metazoa;p__Chordata;c__Reptilia;o__Squamata;f__Colubridae;g__Nerodia;s__sipedon
AF402632.1	k__Metazoa;p__Chordata;c__Reptilia;o__Squamata;f__Colubridae;g__Nerodia;s__rhombifer
AF402634.1	k__Metazoa;p__Chordata;c__Reptilia;o__Squamata;f__Colubridae;g__Regina;s__septemvittata
AF402635.1	k__Metazoa;p__Chordata;c__Reptilia;o__Squamata;f__Colubridae;g__Regina;s__grahamii
AF402638.1	k__Metazoa;p__Chordata;c__Reptilia;o__Squamata;f__Colubridae;g__Storeria;s__occipitomaculata
AF402639.1	k__Metazoa;p__Chordata;c__Reptilia;o__Squamata;f__Colubridae;g__Storeria;s__dekayi
AF402645.1	k__Metazoa;p__Chordata;c__Reptilia;o__Squamata;f__Colubridae;g__Thamnophis;s__proximus
AF402648.1	k__Metazoa;p__Chordata;c__Reptilia;o__Squamata;f__Colubridae;g__Tropidoclonion;s__lineatum
AF402651.1	k__Metazoa;p__Chordata;c__Reptilia;o__Squamata;f__Colubridae;g__Thamnophis;s__radix
AF406881.1	k__Metazoa;p__Chordata;c__Aves;o__Strigiformes;f__Strigidae;g__Asio;s__flammeus
AF407085.1	k__Metazoa;p__Chordata;c__Aves;o__Passeriformes;f__Passeridae;g__Passer;s__domesticus
AF407087.1	k__Metazoa;p__Chordata;c__Aves;o__Passeriformes;f__Passerellidae;g__Junco;s__hyemalis
AF407091.1	k__Metazoa;p__Chordata;c__Aves;o__Passeriformes;f__Sturnidae;g__Sturnus;s__vulgaris
AF407092.1	k__Metazoa;p__Chordata;c__Aves;o__Passeriformes;f__Alaudidae;g__Eremophila;s__alpestris
AF407134.1	k__Metazoa;p__Chordata;c__Aves;o__Pelecaniformes;f__Ardeidae;g__Ardea;s__alba
AF407144.1	k__Metazoa;p__Chordata;c__Aves;o__Pelecaniformes;f__Ardeidae;g__Bubulcus;s__ibis
AF407145.1	k__Metazoa;p__Chordata;c__Aves;o__Pelecaniformes;f__Ardeidae;g__Nycticorax;s__nycticorax
AF447212.1	k__Metazoa;p__Chordata;c__Aves;o__Passeriformes;f__Fringillidae;g__Peucaea;s__cassinii
AF447215.1	k__Metazoa;p__Chordata;c__Aves;o__Passeriformes;f__Cardinalidae;g__Cardinalis;s__cardinalis
AF447216.1	k__Metazoa;p__Chordata;c__Aves;o__Passeriformes;f__Passerellidae;g__Calamospiza;s__melanocorys
AF447220.1	k__Metazoa;p__Chordata;c__Aves;o__Passeriformes;f__Fringillidae;g__Haemorhous;s__mexicanus
AF447226.1	k__Metazoa;p__Chordata;c__Aves;o__Passeriformes;f__Icteridae;g__Dolichonyx;s__oryzivorus
AF447233.1	k__Metazoa;p__Chordata;c__Aves;o__Passeriformes;f__Parulidae;g__Geothlypis;s__trichas
AF447234.1	k__Metazoa;p__Chordata;c__Aves;o__Passeriformes;f__Parulidae;g__Helmitheros;s__vermivorum
AF447236.1	k__Metazoa;p__Chordata;c__Aves;o__Passeriformes;f__Parulidae;g__Icteria;s__virens
AF447237.1	k__Metazoa;p__Chordata;c__Aves;o__Passeriformes;f__Icteridae;g__Icterus;s__galbula
AF447240.1	k__Metazoa;p__Chordata;c__Aves;o__Passeriformes;f__Fringillidae;g__Loxia;s__curvirostra
AF447241.1	k__Metazoa;p__Chordata;c__Aves;o__Passeriformes;f__Icteridae;g__Molothrus;s__ater
AF447246.1	k__Metazoa;p__Chordata;c__Aves;o__Passeriformes;f__Cardinalidae;g__Passerina;s__cyanea
AF447248.1	k__Metazoa;p__Chordata;c__Aves;o__Passeriformes;f__Cardinalidae;g__Pheucticus;s__ludovicianus
AF447249.1	k__Metazoa;p__Chordata;c__Aves;o__Passeriformes;f__Cardinalidae;g__Piranga;s__olivacea
AF447250.1	k__Metazoa;p__Chordata;c__Aves;o__Passeriformes;f__Cardinalidae;g__Piranga;s__rubra
AF447251.1	k__Metazoa;p__Chordata;c__Aves;o__Passeriformes;f__Fringillidae;g__Plectrophenax;s__nivalis
AF447254.1	k__Metazoa;p__Chordata;c__Aves;o__Passeriformes;f__Parulidae;g__Seiurus;s__aurocapilla
AF447256.1	k__Metazoa;p__Chordata;c__Aves;o__Passeriformes;f__Cardinalidae;g__Spiza;s__americana
AF447257.1	k__Metazoa;p__Chordata;c__Aves;o__Passeriformes;f__Icteridae;g__Sturnella;s__magna
AF482987_Ictalurus_punctatus	k__Metazoa;p__Chordata;c__Actinopteri;o__Siluriformes;f__Ictaluridae;g__Ictalurus;s__punctatus
AJ242684.1	k__Metazoa;p__Chordata;c__Aves;o__Charadriiformes;f__Alcidae;g__Alle;s__alle
AJ849444.2	k__Metazoa;p__Chordata;c__Aves;o__Galliformes;f__Phasianidae;g__Gallus;s__gallus
AM181037.1	k__Metazoa;p__Chordata;c__Mammalia;o__Carnivora;f__Canidae;g__Vulpes;s__vulpes
AP002944_Gasterosteus_aculeatus	k__Metazoa;p__Chordata;c__Actinopteri;o__Perciformes;f__Gasterosteidae;g__Gasterosteus;s__aculeatus
AP003322.1	k__Metazoa;p__Chordata;c__Aves;o__Galliformes;f__Phasianidae;g__Gallus;s__gallus
AP004103_Esox_lucius	k__Metazoa;p__Chordata;c__Actinopteri;o__Esociformes;f__Esocidae;g__Esox;s__lucius
AP004422_Gambusia_affinis	k__Metazoa;p__Chordata;c__Actinopteri;o__Cyprinodontiformes;f__Poeciliidae;g__Gambusia;s__affinis
AP005993_Lepomis_macrochirus	k__Metazoa;p__Chordata;c__Actinopteri;o__Centrarchiformes;f__Centrarchidae;g__Lepomis;s__macrochirus
AP005994_Etheostoma_zonale	k__Metazoa;p__Chordata;c__Actinopteri;o__Perciformes;f__Percidae;g__Etheostoma;s__zonale
AP008432.1	k__Metazoa;p__Chordata;c__Mammalia;o__Primates;f__Hominidae;g__Homo;s__sapiens
AP009042.1	k__Metazoa;p__Chordata;c__Aves;o__Charadriiformes;f__Alcidae;g__Synthliboramphus;s__antiquus
AP009047_Cyprinus_carpio	k__Metazoa;p__Chordata;c__Actinopteri;o__Cypriniformes;f__Cyprinidae;g__Cyprinus;s__carpio
AP009190.1	k__Metazoa;p__Chordata;c__Aves;o__Gaviiformes;f__Gaviidae;g__Gavia;s__pacifica
AP009499_Hiodon_tergisus	k__Metazoa;p__Chordata;c__Actinopteri;o__Hiodontiformes;f__Hiodontidae;g__Hiodon;s__tergisus
AP010797.1	k__Metazoa;p__Chordata;c__Aves;o__Accipitriformes;f__Accipitridae;g__Accipiter;s__gentilis
AP011216_Mylopharyngodon_piceus	k__Metazoa;p__Chordata;c__Actinopteri;o__Cypriniformes;f__Xenocyprididae;g__Mylopharyngodon;s__piceus
AP011263_Scardinius_erythrophthalmus	k__Metazoa;p__Chordata;c__Actinopteri;o__Cypriniformes;f__Leuciscidae;g__Scardinius;s__erythrophthalmus
AP011274_Couesius_plumbeus	k__Metazoa;p__Chordata;c__Actinopteri;o__Cypriniformes;f__Leuciscidae;g__Couesius;s__plumbeus
AP011276_Phoxinus_erythrogaster	k__Metazoa;p__Chordata;c__Actinopteri;o__Cypriniformes;f__Leuciscidae;g__Chrosomus;s__erythrogaster
AP011280_Clinostomus_elongatus	k__Metazoa;p__Chordata;c__Actinopteri;o__Cypriniformes;f__Leuciscidae;g__Clinostomus;s__elongatus
AP011291_Misgurnus_anguillicaudatus	k__Metazoa;p__Chordata;c__Actinopteri;o__Cypriniformes;f__Cobitidae;g__Misgurnus;s__anguillicaudatus
AP012079_Luxilus_chrysocephalus	k__Metazoa;p__Chordata;c__Actinopteri;o__Cypriniformes;f__Leuciscidae;g__Luxilus;s__chrysocephalus
AP012085_Opsopoeodus_emiliae	k__Metazoa;p__Chordata;c__Actinopteri;o__Cypriniformes;f__Leuciscidae;g__Opsopoeodus;s__emiliae
AP012094_Lythrurus_umbratilis	k__Metazoa;p__Chordata;c__Actinopteri;o__Cypriniformes;f__Leuciscidae;g__Lythrurus;s__umbratilis
AP012101_Pimephales_notatus	k__Metazoa;p__Chordata;c__Actinopteri;o__Cypriniformes;f__Leuciscidae;g__Pimephales;s__notatus
AP012105_Rhinichthys_cataractae	k__Metazoa;p__Chordata;c__Actinopteri;o__Cypriniformes;f__Leuciscidae;g__Rhinichthys;s__cataractae
AP014537_Micropterus_salmoides	k__Metazoa;p__Chordata;c__Actinopteri;o__Centrarchiformes;f__Centrarchidae;g__Micropterus;s__salmoides
AY012091.1	k__Metazoa;p__Chordata;c__Mammalia;o__Didelphimorphia;f__Didelphidae;g__Didelphis;s__virginiana
AY012110.1	k__Metazoa;p__Chordata;c__Mammalia;o__Rodentia;f__Sciuridae;g__Tamias;s__striatus
AY012111.1	k__Metazoa;p__Chordata;c__Mammalia;o__Rodentia;f__Castoridae;g__Castor;s__canadensis
AY012126.1	k__Metazoa;p__Chordata;c__Mammalia;o__Lagomorpha;f__Leporidae;g__Sylvilagus;s__floridanus
AY012136_Homo_sapiens	k__Metazoa;p__Chordata;c__Mammalia;o__Primates;f__Hominidae;g__Homo;s__sapiens
AY012149.1	k__Metazoa;p__Chordata;c__Mammalia;o__Carnivora;f__Felidae;g__Felis;s__catus
AY012152.1	k__Metazoa;p__Chordata;c__Mammalia;o__Carnivora;f__Canidae;g__Canis;s__lupus_familiaris
AY050550_Hypophthalmichthys_nobilis	k__Metazoa;p__Chordata;c__Actinopteri;o__Cypriniformes;f__Xenocyprididae;g__Hypophthalmichthys;s__nobilis
AY074885.2	k__Metazoa;p__Chordata;c__Aves;o__Charadriiformes;f__Scolopacidae;g__Arenaria;s__interpres
AY122667.1	k__Metazoa;p__Chordata;c__Reptilia;o__Squamata;f__Colubridae;g__Coluber;s__constrictor
AY122817.1	k__Metazoa;p__Chordata;c__Reptilia;o__Squamata;f__Colubridae;g__Pantherophis;s__vulpinus
AY122818.1	k__Metazoa;p__Chordata;c__Reptilia;o__Squamata;f__Colubridae;g__Pantherophis;s__vulpinus
AY122819.1	k__Metazoa;p__Chordata;c__Reptilia;o__Squamata;f__Colubridae;g__Coluber;s__constrictor
AY136560.1	k__Metazoa;p__Chordata;c__Aves;o__Passeriformes;f__Hirundinidae;g__Tachycineta;s__bicolor
AY136561.1	k__Metazoa;p__Chordata;c__Aves;o__Passeriformes;f__Regulidae;g__Regulus;s__satrapa
AY136584.1	k__Metazoa;p__Chordata;c__Aves;o__Passeriformes;f__Vireonidae;g__Vireo;s__olivaceus
AY139633.1	k__Metazoa;p__Chordata;c__Aves;o__Gaviiformes;f__Gaviidae;g__Gavia;s__arctica
AY164518.1	k__Metazoa;p__Chordata;c__Aves;o__Anseriformes;f__Anatidae;g__Mareca;s__penelope
AY164519.1	k__Metazoa;p__Chordata;c__Aves;o__Anseriformes;f__Anatidae;g__Anas;s__crecca
AY164525.1	k__Metazoa;p__Chordata;c__Aves;o__Anseriformes;f__Anatidae;g__Anas;s__acuta
AY164526.1	k__Metazoa;p__Chordata;c__Aves;o__Anseriformes;f__Anatidae;g__Spatula;s__clypeata
AY164528.1	k__Metazoa;p__Chordata;c__Aves;o__Anseriformes;f__Anatidae;g__Aythya;s__fuligula
AY164529.1	k__Metazoa;p__Chordata;c__Aves;o__Anseriformes;f__Anatidae;g__Mergus;s__merganser
AY169598.1	k__Metazoa;p__Chordata;c__Reptilia;o__Squamata;f__Scincidae;g__Scincella;s__lateralis
AY189647.1	k__Metazoa;p__Chordata;c__Mammalia;o__Primates;f__Hominidae;g__Homo;s__sapiens
AY216534_Notropis_buccatus	k__Metazoa;p__Chordata;c__Actinopteri;o__Cypriniformes;f__Leuciscidae;g__Notropis;s__buccata
AY216542_Lythrurus_umbratilis	k__Metazoa;p__Chordata;c__Actinopteri;o__Cypriniformes;f__Leuciscidae;g__Lythrurus;s__umbratilis
AY216543_Notemigonus_crysoleucas	k__Metazoa;p__Chordata;c__Actinopteri;o__Cypriniformes;f__Leuciscidae;g__Notemigonus;s__crysoleucas
AY216553_Notropis_volucellus	k__Metazoa;p__Chordata;c__Actinopteri;o__Cypriniformes;f__Leuciscidae;g__Notropis;s__volucellus
AY216554_Opsopoeodus_emiliae	k__Metazoa;p__Chordata;c__Actinopteri;o__Cypriniformes;f__Leuciscidae;g__Opsopoeodus;s__emiliae
AY216556_Pimephales_notatus	k__Metazoa;p__Chordata;c__Actinopteri;o__Cypriniformes;f__Leuciscidae;g__Pimephales;s__notatus
AY216560.1	k__Metazoa;p__Chordata;c__Actinopteri;o__Cypriniformes;f__Leuciscidae;g__Pteronotropis;s__hubbsi
AY218010.1	k__Metazoa;p__Chordata;c__Reptilia;o__Squamata;f__Scincidae;g__Scincella;s__lateralis
AY218022.1	k__Metazoa;p__Chordata;c__Reptilia;o__Squamata;f__Scincidae;g__Plestiodon;s__fasciatus
AY227529.1	k__Metazoa;p__Chordata;c__Mammalia;o__Rodentia;f__Sciuridae;g__Marmota;s__monax
AY227555.1	k__Metazoa;p__Chordata;c__Mammalia;o__Rodentia;f__Sciuridae;g__Tamiasciurus;s__hudsonicus
AY227559.1	k__Metazoa;p__Chordata;c__Mammalia;o__Rodentia;f__Sciuridae;g__Glaucomys;s__volans
AY255166.1	k__Metazoa;p__Chordata;c__Mammalia;o__Primates;f__Hominidae;g__Homo;s__sapiens
AY274015.1	k__Metazoa;p__Chordata;c__Aves;o__Cuculiformes;f__Coccyzidae;g__Coccyzus;s__erythropthalmus
AY274022.1	k__Metazoa;p__Chordata;c__Aves;o__Strigiformes;f__Strigidae;g__Asio;s__otus
AY291080.1	k__Metazoa;p__Chordata;c__Amphibia;o__Anura;f__Hylidae;g__Pseudacris;s__maculata
AY291081.1	k__Metazoa;p__Chordata;c__Amphibia;o__Anura;f__Hylidae;g__Pseudacris;s__maculata
AY291084.1	k__Metazoa;p__Chordata;c__Amphibia;o__Anura;f__Hylidae;g__Pseudacris;s__feriarum
AY291091.1	k__Metazoa;p__Chordata;c__Amphibia;o__Anura;f__Hylidae;g__Pseudacris;s__triseriata
AY291099_Pseudacris_crucifer	k__Metazoa;p__Chordata;c__Amphibia;o__Anura;f__Hylidae;g__Pseudacris;s__crucifer
AY291100_Pseudacris_crucifer	k__Metazoa;p__Chordata;c__Amphibia;o__Anura;f__Hylidae;g__Pseudacris;s__crucifer
AY291102_Pseudacris_crucifer	k__Metazoa;p__Chordata;c__Amphibia;o__Anura;f__Hylidae;g__Pseudacris;s__crucifer
AY291109.1	k__Metazoa;p__Chordata;c__Amphibia;o__Anura;f__Hylidae;g__Pseudacris;s__illinoensis
AY291116_Hyla_chrysoscelis	k__Metazoa;p__Chordata;c__Amphibia;o__Anura;f__Hylidae;g__Dryophytes;s__chrysoscelis
AY292700.1	k__Metazoa;p__Chordata;c__Mammalia;o__Lagomorpha;f__Leporidae;g__Sylvilagus;s__aquaticus
AY372766_Ammocrypta_pellucida	k__Metazoa;p__Chordata;c__Actinopteri;o__Perciformes;f__Percidae;g__Ammocrypta;s__pellucida
AY372771_Etheostoma_blennioides	k__Metazoa;p__Chordata;c__Actinopteri;o__Perciformes;f__Percidae;g__Etheostoma;s__blennioides
AY372773_Etheostoma_caeruleum	k__Metazoa;p__Chordata;c__Actinopteri;o__Perciformes;f__Percidae;g__Etheostoma;s__caeruleum
AY372781_Etheostoma_nigrum	k__Metazoa;p__Chordata;c__Actinopteri;o__Perciformes;f__Percidae;g__Etheostoma;s__nigrum
AY372790_Etheostoma_spectabile	k__Metazoa;p__Chordata;c__Actinopteri;o__Perciformes;f__Percidae;g__Etheostoma;s__spectabile
AY372797_Percina_caprodes	k__Metazoa;p__Chordata;c__Actinopteri;o__Perciformes;f__Percidae;g__Percina;s__caprodes
AY372801_Percina_maculata	k__Metazoa;p__Chordata;c__Actinopteri;o__Perciformes;f__Percidae;g__Percina;s__maculata
AY372807_Sander_canadensis	k__Metazoa;p__Chordata;c__Actinopteri;o__Perciformes;f__Percidae;g__Sander;s__canadensis
AY372810_Lepomis_humilis	k__Metazoa;p__Chordata;c__Actinopteri;o__Centrarchiformes;f__Centrarchidae;g__Lepomis;s__humilis
AY372812_Morone_chrysops	k__Metazoa;p__Chordata;c__Actinopteri;o__Moroniformes;f__Moronidae;g__Morone;s__chrysops
AY463690.1	k__Metazoa;p__Chordata;c__Aves;o__Accipitriformes;f__Cathartidae;g__Cathartes;s__aura
AY495480.1	k__Metazoa;p__Chordata;c__Mammalia;o__Chiroptera;f__Vespertilionidae;g__Lasiurus;s__borealis
AY495482.1	k__Metazoa;p__Chordata;c__Mammalia;o__Chiroptera;f__Vespertilionidae;g__Aeorestes;s__cinereus
AY495493.1	k__Metazoa;p__Chordata;c__Mammalia;o__Chiroptera;f__Vespertilionidae;g__Myotis;s__austroriparius
AY495507.1	k__Metazoa;p__Chordata;c__Mammalia;o__Chiroptera;f__Vespertilionidae;g__Myotis;s__septentrionalis
AY495523.1	k__Metazoa;p__Chordata;c__Mammalia;o__Chiroptera;f__Vespertilionidae;g__Perimyotis;s__subflavus
AY574046.1	k__Metazoa;p__Chordata;c__Mammalia;o__Artiodactyla;f__Suidae;g__Sus;s__scrofa
AY631325.1	k__Metazoa;p__Chordata;c__Aves;o__Charadriiformes;f__Laridae;g__Chlidonias;s__niger
AY631327.1	k__Metazoa;p__Chordata;c__Aves;o__Charadriiformes;f__Laridae;g__Larus;s__delawarensis
AY631329.1	k__Metazoa;p__Chordata;c__Aves;o__Charadriiformes;f__Laridae;g__Phaetusa;s__simplex
AY631333.1	k__Metazoa;p__Chordata;c__Aves;o__Charadriiformes;f__Laridae;g__Sternula;s__antillarum
AY631336.1	k__Metazoa;p__Chordata;c__Aves;o__Charadriiformes;f__Laridae;g__Hydroprogne;s__caspia
AY631340.1	k__Metazoa;p__Chordata;c__Aves;o__Charadriiformes;f__Laridae;g__Sterna;s__forsteri
AY631341.1	k__Metazoa;p__Chordata;c__Aves;o__Charadriiformes;f__Laridae;g__Onychoprion;s__fuscatus
AY631342.1	k__Metazoa;p__Chordata;c__Aves;o__Charadriiformes;f__Laridae;g__Sterna;s__hirundo
AY631345.1	k__Metazoa;p__Chordata;c__Aves;o__Charadriiformes;f__Laridae;g__Thalasseus;s__maximus
AY631347.1	k__Metazoa;p__Chordata;c__Aves;o__Charadriiformes;f__Laridae;g__Gelochelidon;s__nilotica
AY631348.1	k__Metazoa;p__Chordata;c__Aves;o__Charadriiformes;f__Laridae;g__Sterna;s__paradisaea
AY656737.1	k__Metazoa;p__Chordata;c__Mammalia;o__Carnivora;f__Canidae;g__Canis;s__lupus_familiaris
AY659992.1	k__Metazoa;p__Chordata;c__Amphibia;o__Caudata;f__Ambystomatidae;g__Ambystoma;s__tigrinum
AY680204.1	k__Metazoa;p__Chordata;c__Amphibia;o__Anura;f__Bufonidae;g__Anaxyrus;s__americanus
AY680205.1	k__Metazoa;p__Chordata;c__Amphibia;o__Anura;f__Bufonidae;g__Anaxyrus;s__americanus
AY680212.1	k__Metazoa;p__Chordata;c__Amphibia;o__Anura;f__Bufonidae;g__Anaxyrus;s__fowleri
AY680223.1	k__Metazoa;p__Chordata;c__Amphibia;o__Anura;f__Bufonidae;g__Anaxyrus;s__fowleri
AY680224.1	k__Metazoa;p__Chordata;c__Amphibia;o__Anura;f__Bufonidae;g__Anaxyrus;s__fowleri
AY691825.1	k__Metazoa;p__Chordata;c__Mammalia;o__Eulipotyphla;f__Soricidae;g__Sorex;s__cinereus
AY728232_Plethodon_cinereus	k__Metazoa;p__Chordata;c__Amphibia;o__Caudata;f__Plethodontidae;g__Plethodon;s__cinereus
AY729880.1	k__Metazoa;p__Chordata;c__Mammalia;o__Carnivora;f__Canidae;g__Canis;s__lupus_familiaris
AY819349.1	k__Metazoa;p__Chordata;c__Amphibia;o__Anura;f__Microhylidae;g__Gastrophryne;s__carolinensis
AY843682_Hyla_versicolor	k__Metazoa;p__Chordata;c__Amphibia;o__Anura;f__Hylidae;g__Dryophytes;s__versicolor
AY843735.1	k__Metazoa;p__Chordata;c__Amphibia;o__Anura;f__Hylidae;g__Pseudacris;s__crucifer
AY843738.1	k__Metazoa;p__Chordata;c__Amphibia;o__Anura;f__Hylidae;g__Pseudacris;s__triseriata
AY894139.1	k__Metazoa;p__Chordata;c__Aves;o__Charadriiformes;f__Scolopacidae;g__Tringa;s__semipalmata
AY894142.1	k__Metazoa;p__Chordata;c__Aves;o__Charadriiformes;f__Scolopacidae;g__Tringa;s__flavipes
AY894146.1	k__Metazoa;p__Chordata;c__Aves;o__Charadriiformes;f__Scolopacidae;g__Actitis;s__macularius
AY894147.1	k__Metazoa;p__Chordata;c__Aves;o__Charadriiformes;f__Scolopacidae;g__Tringa;s__melanoleuca
AY894150.1	k__Metazoa;p__Chordata;c__Aves;o__Charadriiformes;f__Scolopacidae;g__Tringa;s__solitaria
AY894154.1	k__Metazoa;p__Chordata;c__Aves;o__Charadriiformes;f__Scolopacidae;g__Phalaropus;s__lobatus
AY894155.1	k__Metazoa;p__Chordata;c__Aves;o__Charadriiformes;f__Scolopacidae;g__Phalaropus;s__tricolor
AY897013_Ctenopharyngodon_idella	k__Metazoa;p__Chordata;c__Actinopteri;o__Cypriniformes;f__Xenocyprididae;g__Ctenopharyngodon;s__idella
AY915968.1	k__Metazoa;p__Chordata;c__Amphibia;o__Caudata;f__Cryptobranchidae;g__Cryptobranchus;s__alleganiensis
AY940740.1	k__Metazoa;p__Chordata;c__Aves;o__Piciformes;f__Picidae;g__Colaptes;s__auratus
AY940751.1	k__Metazoa;p__Chordata;c__Aves;o__Piciformes;f__Picidae;g__Dryocopus;s__pileatus
AY940755.1	k__Metazoa;p__Chordata;c__Aves;o__Piciformes;f__Picidae;g__Melanerpes;s__carolinus
AY940756.1	k__Metazoa;p__Chordata;c__Aves;o__Piciformes;f__Picidae;g__Melanerpes;s__erythrocephalus
AY940768.1	k__Metazoa;p__Chordata;c__Aves;o__Piciformes;f__Picidae;g__Picoides;s__villosus
AY940770.1	k__Metazoa;p__Chordata;c__Aves;o__Piciformes;f__Picidae;g__Sphyrapicus;s__varius
Acipenser_fulvescens_(reversed)	k__Metazoa;p__Chordata;c__Actinopteri;o__Acipenseriformes;f__Acipenseridae;g__Acipenser;s__fulvescens
Acipenser_fulvescens_2_(reversed)	k__Metazoa;p__Chordata;c__Actinopteri;o__Acipenseriformes;f__Acipenseridae;g__Acipenser;s__fulvescens
Alosa_alabamae_(reversed)	k__Metazoa;p__Chordata;c__Actinopteri;o__Clupeiformes;f__Clupeidae;g__Alosa;s__alabamae
Alosa_chrysochloris_(reversed)	k__Metazoa;p__Chordata;c__Actinopteri;o__Clupeiformes;f__Clupeidae;g__Alosa;s__chrysochloris
Alosa_pseudoharengus_(reversed)	k__Metazoa;p__Chordata;c__Actinopteri;o__Clupeiformes;f__Clupeidae;g__Alosa;s__pseudoharengus
Ambloplites_rupestris_(reversed)	k__Metazoa;p__Chordata;c__Actinopteri;o__Centrarchiformes;f__Centrarchidae;g__Ambloplites;s__rupestris
Ameiurus_catus_(reversed)	k__Metazoa;p__Chordata;c__Actinopteri;o__Siluriformes;f__Ictaluridae;g__Ameiurus;s__catus
Ameiurus_catus_2_(reversed)	k__Metazoa;p__Chordata;c__Actinopteri;o__Siluriformes;f__Ictaluridae;g__Ameiurus;s__catus
Ameiurus_melas_(reversed)	k__Metazoa;p__Chordata;c__Actinopteri;o__Siluriformes;f__Ictaluridae;g__Ameiurus;s__melas
Ameiurus_natalis_(reversed)	k__Metazoa;p__Chordata;c__Actinopteri;o__Siluriformes;f__Ictaluridae;g__Ameiurus;s__natalis
Ameiurus_natalis_2_(reversed)	k__Metazoa;p__Chordata;c__Actinopteri;o__Siluriformes;f__Ictaluridae;g__Ameiurus;s__natalis
Ameiurus_nebulosus_(reversed)	k__Metazoa;p__Chordata;c__Actinopteri;o__Siluriformes;f__Ictaluridae;g__Ameiurus;s__nebulosus
Amia_calva_(reversed)	k__Metazoa;p__Chordata;c__Actinopteri;o__Amiiformes;f__Amiidae;g__Amia;s__calva
Ammocrypta_pellucida_(reversed)	k__Metazoa;p__Chordata;c__Actinopteri;o__Perciformes;f__Percidae;g__Ammocrypta;s__pellucida
Anguilla_rostrata_(reversed)	k__Metazoa;p__Chordata;c__Actinopteri;o__Anguilliformes;f__Anguillidae;g__Anguilla;s__rostrata
Anguilla_rostrata_2_(reversed)	k__Metazoa;p__Chordata;c__Actinopteri;o__Anguilliformes;f__Anguillidae;g__Anguilla;s__rostrata
Aphredoderus_sayanus_(reversed)	k__Metazoa;p__Chordata;c__Actinopteri;o__Percopsiformes;f__Aphredoderidae;g__Aphredoderus;s__sayanus
Aplodinotus_grunniens_(reversed)	k__Metazoa;p__Chordata;c__Actinopteri;o__Acanthuriformes;f__Sciaenidae;g__Aplodinotus;s__grunniens
Atractosteus_spatula_(reversed)	k__Metazoa;p__Chordata;c__Actinopteri;o__Semionotiformes;f__Lepisosteidae;g__Atractosteus;s__spatula
Atractosteus_spatula_2_(reversed)	k__Metazoa;p__Chordata;c__Actinopteri;o__Semionotiformes;f__Lepisosteidae;g__Atractosteus;s__spatula
BK010700.1	k__Metazoa;p__Chordata;c__Mammalia;o__Rodentia;f__Cricetidae;g__Peromyscus;s__leucopus
BNM00001_Pimephales_notatus	k__Metazoa;p__Chordata;c__Actinopteri;o__Cypriniformes;f__Leuciscidae;g__Pimephales;s__notatus
BSC00001_Percina_maculata	k__Metazoa;p__Chordata;c__Actinopteri;o__Perciformes;f__Percidae;g__Percina;s__maculata
Campostoma_anomalum_(reversed)	k__Metazoa;p__Chordata;c__Actinopteri;o__Cypriniformes;f__Leuciscidae;g__Campostoma;s__anomalum
Campostoma_anomalum_2_(reversed)	k__Metazoa;p__Chordata;c__Actinopteri;o__Cypriniformes;f__Leuciscidae;g__Campostoma;s__anomalum
Campostoma_oligolepis_2652_12SV5	k__Metazoa;p__Chordata;c__Actinopteri;o__Cypriniformes;f__Leuciscidae;g__Campostoma;s__oligolepis
Campostoma_oligolepis_848_12SV5	k__Metazoa;p__Chordata;c__Actinopteri;o__Cypriniformes;f__Leuciscidae;g__Campostoma;s__oligolepis
Carassius_auratus_(reversed)	k__Metazoa;p__Chordata;c__Actinopteri;o__Cypriniformes;f__Cyprinidae;g__Carassius;s__auratus
Carpiodes_carpio_(reversed)	k__Metazoa;p__Chordata;c__Actinopteri;o__Cypriniformes;f__Catostomidae;g__Carpiodes;s__carpio
Carpiodes_cyprinus_(reversed)	k__Metazoa;p__Chordata;c__Actinopteri;o__Cypriniformes;f__Catostomidae;g__Carpiodes;s__cyprinus
Catostomus_catostomus_(reversed)	k__Metazoa;p__Chordata;c__Actinopteri;o__Cypriniformes;f__Catostomidae;g__Catostomus;s__catostomus
Catostomus_commersonii_(reversed)	k__Metazoa;p__Chordata;c__Actinopteri;o__Cypriniformes;f__Catostomidae;g__Catostomus;s__commersonii
Catostomus_commersonii_2_(reversed)	k__Metazoa;p__Chordata;c__Actinopteri;o__Cypriniformes;f__Catostomidae;g__Catostomus;s__commersonii
Catostomus_commersonii_3_(reversed)	k__Metazoa;p__Chordata;c__Actinopteri;o__Cypriniformes;f__Catostomidae;g__Catostomus;s__commersonii
Catostomus_commersonii_4_(reversed)	k__Metazoa;p__Chordata;c__Actinopteri;o__Cypriniformes;f__Catostomidae;g__Catostomus;s__commersonii
Chrosomus_erythrogaster_(reversed)	k__Metazoa;p__Chordata;c__Actinopteri;o__Cypriniformes;f__Leuciscidae;g__Chrosomus;s__erythrogaster
Clinostomus_elongatus_(reversed)	k__Metazoa;p__Chordata;c__Actinopteri;o__Cypriniformes;f__Leuciscidae;g__Clinostomus;s__elongatus
Coregonus_artedi_(reversed)	k__Metazoa;p__Chordata;c__Actinopteri;o__Salmoniformes;f__Salmonidae;g__Coregonus;s__artedi
Coregonus_clupeaformis_(reversed)	k__Metazoa;p__Chordata;c__Actinopteri;o__Salmoniformes;f__Salmonidae;g__Coregonus;s__clupeaformis
Coregonus_hoyi_(reversed)	k__Metazoa;p__Chordata;c__Actinopteri;o__Salmoniformes;f__Salmonidae;g__Coregonus;s__hoyi
Cottus_bairdii_(reversed)	k__Metazoa;p__Chordata;c__Actinopteri;o__Perciformes;f__Cottidae;g__Cottus;s__bairdii
Cottus_bairdii_2_(reversed)	k__Metazoa;p__Chordata;c__Actinopteri;o__Perciformes;f__Cottidae;g__Cottus;s__bairdii
Cottus_bairdii_3_(reversed)	k__Metazoa;p__Chordata;c__Actinopteri;o__Perciformes;f__Cottidae;g__Cottus;s__bairdii
Cottus_carolinae_(reversed)	k__Metazoa;p__Chordata;c__Actinopteri;o__Perciformes;f__Cottidae;g__Cottus;s__carolinae
Cottus_cognatus_(reversed)	k__Metazoa;p__Chordata;c__Actinopteri;o__Perciformes;f__Cottidae;g__Cottus;s__cognatus
Cottus_cognatus_2_(reversed)	k__Metazoa;p__Chordata;c__Actinopteri;o__Perciformes;f__Cottidae;g__Cottus;s__cognatus
Couesius_plumbeus_(reversed)	k__Metazoa;p__Chordata;c__Actinopteri;o__Cypriniformes;f__Leuciscidae;g__Couesius;s__plumbeus
Couesius_plumbeus_2_(reversed)	k__Metazoa;p__Chordata;c__Actinopteri;o__Cypriniformes;f__Leuciscidae;g__Couesius;s__plumbeus
Crystallaria_asprella_(reversed)	k__Metazoa;p__Chordata;c__Actinopteri;o__Perciformes;f__Percidae;g__Crystallaria;s__asprella
Ctenopharyngodon_idella_(reversed)	k__Metazoa;p__Chordata;c__Actinopteri;o__Cypriniformes;f__Xenocyprididae;g__Ctenopharyngodon;s__idella
Culaea_inconstans_(reversed)	k__Metazoa;p__Chordata;c__Actinopteri;o__Perciformes;f__Gasterosteidae;g__Culaea;s__inconstans
Cycleptus_elongatus_(reversed)	k__Metazoa;p__Chordata;c__Actinopteri;o__Cypriniformes;f__Catostomidae;g__Cycleptus;s__elongatus
Cyprinella_lutrensis_(reversed)	k__Metazoa;p__Chordata;c__Actinopteri;o__Cypriniformes;f__Leuciscidae;g__Cyprinella;s__lutrensis
Cyprinella_lutrensis_2_(reversed)	k__Metazoa;p__Chordata;c__Actinopteri;o__Cypriniformes;f__Leuciscidae;g__Cyprinella;s__lutrensis
Cyprinella_lutrensis_3_(reversed)	k__Metazoa;p__Chordata;c__Actinopteri;o__Cypriniformes;f__Leuciscidae;g__Cyprinella;s__lutrensis
Cyprinella_lutrensis_4_(reversed)	k__Metazoa;p__Chordata;c__Actinopteri;o__Cypriniformes;f__Leuciscidae;g__Cyprinella;s__lutrensis
Cyprinella_lutrensis_5_(reversed)	k__Metazoa;p__Chordata;c__Actinopteri;o__Cypriniformes;f__Leuciscidae;g__Cyprinella;s__lutrensis
Cyprinella_spiloptera_(reversed)	k__Metazoa;p__Chordata;c__Actinopteri;o__Cypriniformes;f__Leuciscidae;g__Cyprinella;s__spiloptera
Cyprinella_spiloptera_2_(reversed)	k__Metazoa;p__Chordata;c__Actinopteri;o__Cypriniformes;f__Leuciscidae;g__Cyprinella;s__spiloptera
Cyprinella_venusta_(reversed)	k__Metazoa;p__Chordata;c__Actinopteri;o__Cypriniformes;f__Leuciscidae;g__Cyprinella;s__venusta
Cyprinella_whipplei_2771_12SV5	k__Metazoa;p__Chordata;c__Actinopteri;o__Cypriniformes;f__Leuciscidae;g__Cyprinella;s__whipplei
Cyprinus_carpio_(reversed)	k__Metazoa;p__Chordata;c__Actinopteri;o__Cypriniformes;f__Cyprinidae;g__Cyprinus;s__carpio
Cyprinus_carpio_2_(reversed)	k__Metazoa;p__Chordata;c__Actinopteri;o__Cypriniformes;f__Cyprinidae;g__Cyprinus;s__carpio
Cyprinus_carpio_4_(reversed)	k__Metazoa;p__Chordata;c__Actinopteri;o__Cypriniformes;f__Cyprinidae;g__Cyprinus;s__carpio
DQ019124.1	k__Metazoa;p__Chordata;c__Aves;o__Anseriformes;f__Anatidae;g__Branta;s__canadensis
DQ026434_Misgurnus_anguillicaudatus	k__Metazoa;p__Chordata;c__Actinopteri;o__Cypriniformes;f__Cobitidae;g__Misgurnus;s__anguillicaudatus
DQ083161.1	k__Metazoa;p__Chordata;c__Aves;o__Anseriformes;f__Anatidae;g__Cygnus;s__columbianus
DQ179669.1	k__Metazoa;p__Chordata;c__Mammalia;o__Rodentia;f__Cricetidae;g__Neotoma;s__floridana
DQ179704.1	k__Metazoa;p__Chordata;c__Mammalia;o__Rodentia;f__Cricetidae;g__Neotoma;s__floridana
DQ283123.1	k__Metazoa;p__Chordata;c__Amphibia;o__Anura;f__Ranidae;g__Lithobates;s__pipiens
DQ283156.1	k__Metazoa;p__Chordata;c__Amphibia;o__Anura;f__Pelobatidae;g__Scaphiopus;s__holbrookii
DQ283185.1	k__Metazoa;p__Chordata;c__Amphibia;o__Anura;f__Ranidae;g__Lithobates;s__clamitans
DQ283387.1	k__Metazoa;p__Chordata;c__Amphibia;o__Anura;f__Ranidae;g__Lithobates;s__sylvaticus
DQ385268.1	k__Metazoa;p__Chordata;c__Aves;o__Charadriiformes;f__Recurvirostridae;g__Himantopus;s__mexicanus
DQ385269.1	k__Metazoa;p__Chordata;c__Aves;o__Charadriiformes;f__Charadriidae;g__Charadrius;s__vociferus
DQ385280.1	k__Metazoa;p__Chordata;c__Aves;o__Charadriiformes;f__Laridae;g__Rissa;s__tridactyla
DQ385281.1	k__Metazoa;p__Chordata;c__Aves;o__Charadriiformes;f__Laridae;g__Rynchops;s__niger
DQ421855_Ameiurus_melas	k__Metazoa;p__Chordata;c__Actinopteri;o__Siluriformes;f__Ictaluridae;g__Ameiurus;s__melas
DQ421865_Ameiurus_natalis	k__Metazoa;p__Chordata;c__Actinopteri;o__Siluriformes;f__Ictaluridae;g__Ameiurus;s__natalis
DQ444705.1	k__Metazoa;p__Chordata;c__Mammalia;o__Artiodactyla;f__Suidae;g__Sus;s__scrofa
DQ466081.2	k__Metazoa;p__Chordata;c__Mammalia;o__Artiodactyla;f__Suidae;g__Sus;s__scrofa
DQ480509.1	k__Metazoa;p__Chordata;c__Mammalia;o__Carnivora;f__Canidae;g__Canis;s__latrans
DQ480510.1	k__Metazoa;p__Chordata;c__Mammalia;o__Carnivora;f__Canidae;g__Canis;s__latrans
DQ485793.1	k__Metazoa;p__Chordata;c__Aves;o__Charadriiformes;f__Recurvirostridae;g__Recurvirostra;s__americana
DQ485795.1	k__Metazoa;p__Chordata;c__Aves;o__Charadriiformes;f__Laridae;g__Leucophaeus;s__atricilla
DQ485797.1	k__Metazoa;p__Chordata;c__Aves;o__Ciconiiformes;f__Ciconiidae;g__Mycteria;s__americana
DQ485799.1	k__Metazoa;p__Chordata;c__Aves;o__Pelecaniformes;f__Ardeidae;g__Botaurus;s__lentiginosus
DQ485800.1	k__Metazoa;p__Chordata;c__Aves;o__Pelecaniformes;f__Ardeidae;g__Bubulcus;s__ibis
DQ485808.1	k__Metazoa;p__Chordata;c__Aves;o__Gruiformes;f__Gruidae;g__Grus;s__americana
DQ485815.1	k__Metazoa;p__Chordata;c__Aves;o__Gruiformes;f__Gruidae;g__Antigone;s__canadensis
DQ485826.1	k__Metazoa;p__Chordata;c__Aves;o__Gruiformes;f__Rallidae;g__Porzana;s__carolina
DQ485827.1	k__Metazoa;p__Chordata;c__Aves;o__Gruiformes;f__Rallidae;g__Fulica;s__americana
DQ485828.1	k__Metazoa;p__Chordata;c__Aves;o__Gruiformes;f__Rallidae;g__Gallinula;s__chloropus
DQ523161.1	k__Metazoa;p__Chordata;c__Reptilia;o__Squamata;f__Viperidae;g__Agkistrodon;s__piscivorus
DQ536422_Cyprinella_spiloptera	k__Metazoa;p__Chordata;c__Actinopteri;o__Cypriniformes;f__Leuciscidae;g__Cyprinella;s__spiloptera
DQ536423_Lepisosteus_osseus	k__Metazoa;p__Chordata;c__Actinopteri;o__Semionotiformes;f__Lepisosteidae;g__Lepisosteus;s__osseus
DQ536425_Micropterus_salmoides	k__Metazoa;p__Chordata;c__Actinopteri;o__Centrarchiformes;f__Centrarchidae;g__Micropterus;s__salmoides
DQ536426_Dorosoma_cepedianum	k__Metazoa;p__Chordata;c__Actinopteri;o__Clupeiformes;f__Clupeidae;g__Dorosoma;s__cepedianum
DQ536429_Notropis_stramineus	k__Metazoa;p__Chordata;c__Actinopteri;o__Cypriniformes;f__Leuciscidae;g__Notropis;s__stramineus
DQ536431_Phenacobius_mirabilis	k__Metazoa;p__Chordata;c__Actinopteri;o__Cypriniformes;f__Leuciscidae;g__Phenacobius;s__mirabilis
DQ674556.1	k__Metazoa;p__Chordata;c__Aves;o__Podicipediformes;f__Podicipedidae;g__Podilymbus;s__podiceps
DQ674560.1	k__Metazoa;p__Chordata;c__Aves;o__Pelecaniformes;f__Threskiornithidae;g__Platalea;s__ajaja
DQ674561.1	k__Metazoa;p__Chordata;c__Aves;o__Pelecaniformes;f__Threskiornithidae;g__Plegadis;s__chihi
DQ674562.1	k__Metazoa;p__Chordata;c__Aves;o__Charadriiformes;f__Charadriidae;g__Pluvialis;s__dominica
DQ674566.1	k__Metazoa;p__Chordata;c__Aves;o__Charadriiformes;f__Laridae;g__Larus;s__occidentalis
DQ674573.1	k__Metazoa;p__Chordata;c__Aves;o__Charadriiformes;f__Stercorariidae;g__Stercorarius;s__pomarinus
DQ674577.1	k__Metazoa;p__Chordata;c__Aves;o__Charadriiformes;f__Scolopacidae;g__Limosa;s__fedoa
DQ674579.1	k__Metazoa;p__Chordata;c__Aves;o__Charadriiformes;f__Scolopacidae;g__Actitis;s__macularius
DQ674580.1	k__Metazoa;p__Chordata;c__Aves;o__Charadriiformes;f__Scolopacidae;g__Tringa;s__melanoleuca
DQ674581.1	k__Metazoa;p__Chordata;c__Aves;o__Charadriiformes;f__Scolopacidae;g__Phalaropus;s__tricolor
DQ780879.1	k__Metazoa;p__Chordata;c__Aves;o__Piciformes;f__Picidae;g__Dryocopus;s__pileatus
DQ780880.1	k__Metazoa;p__Chordata;c__Aves;o__Falconiformes;f__Falconidae;g__Falco;s__sparverius
DQ780884.1	k__Metazoa;p__Chordata;c__Aves;o__Accipitriformes;f__Pandionidae;g__Pandion;s__haliaetus
DQ867007.1	k__Metazoa;p__Chordata;c__Mammalia;o__Artiodactyla;f__Bovidae;g__Capra;s__hircus
DQ885561.1	k__Metazoa;p__Chordata;c__Aves;o__Galliformes;f__Phasianidae;g__Gallus;s__gallus
DQ912046_Alosa_chrysochloris	k__Metazoa;p__Chordata;c__Actinopteri;o__Clupeiformes;f__Clupeidae;g__Alosa;s__chrysochloris
Dorosoma_cepedianum_(reversed)	k__Metazoa;p__Chordata;c__Actinopteri;o__Clupeiformes;f__Clupeidae;g__Dorosoma;s__cepedianum
Dorosoma_petenense_(reversed)	k__Metazoa;p__Chordata;c__Actinopteri;o__Clupeiformes;f__Clupeidae;g__Dorosoma;s__petenense
EF027319.1	k__Metazoa;p__Chordata;c__Aves;o__Galliformes;f__Phasianidae;g__Phasianus;s__colchicus
EF027334.1	k__Metazoa;p__Chordata;c__Aves;o__Passeriformes;f__Certhiidae;g__Troglodytes;s__troglodytes
EF071948.1	k__Metazoa;p__Chordata;c__Reptilia;o__Testudines;f__Chelydridae;g__Macrochelys;s__temminckii
EF122793.1	k__Metazoa;p__Chordata;c__Reptilia;o__Testudines;f__Chelydridae;g__Chelydra;s__serpentina
EF153719.1	k__Metazoa;p__Chordata;c__Aves;o__Galliformes;f__Phasianidae;g__Meleagris;s__gallopavo
EF373069.2	k__Metazoa;p__Chordata;c__Aves;o__Charadriiformes;f__Scolopacidae;g__Bartramia;s__longicauda
EF373071.2	k__Metazoa;p__Chordata;c__Aves;o__Charadriiformes;f__Scolopacidae;g__Calidris;s__canutus
EF373088.2	k__Metazoa;p__Chordata;c__Aves;o__Charadriiformes;f__Laridae;g__Larus;s__marinus
EF373090.2	k__Metazoa;p__Chordata;c__Aves;o__Charadriiformes;f__Scolopacidae;g__Limnodromus;s__scolopaceus
EF373093.2	k__Metazoa;p__Chordata;c__Aves;o__Charadriiformes;f__Scolopacidae;g__Calidris;s__himantopus
EF373097.2	k__Metazoa;p__Chordata;c__Aves;o__Charadriiformes;f__Laridae;g__Pagophila;s__eburnea
EF373100.2	k__Metazoa;p__Chordata;c__Aves;o__Charadriiformes;f__Scolopacidae;g__Calidris;s__pugnax
EF373101.2	k__Metazoa;p__Chordata;c__Aves;o__Charadriiformes;f__Charadriidae;g__Pluvialis;s__squatarola
EF373106.2	k__Metazoa;p__Chordata;c__Aves;o__Charadriiformes;f__Laridae;g__Rhodostethia;s__rosea
EF373108.2	k__Metazoa;p__Chordata;c__Aves;o__Charadriiformes;f__Scolopacidae;g__Scolopax;s__minor
EF373109.2	k__Metazoa;p__Chordata;c__Aves;o__Charadriiformes;f__Stercorariidae;g__Stercorarius;s__longicaudus
EF373114.2	k__Metazoa;p__Chordata;c__Aves;o__Charadriiformes;f__Scolopacidae;g__Calidris;s__subruficollis
EF373116.2	k__Metazoa;p__Chordata;c__Aves;o__Charadriiformes;f__Laridae;g__Xema;s__sabini
EF373291.1	k__Metazoa;p__Chordata;c__Aves;o__Apodiformes;f__Apodidae;g__Chaetura;s__pelagica
EF373292.1	k__Metazoa;p__Chordata;c__Aves;o__Caprimulgiformes;f__Caprimulgidae;g__Antrostomus;s__vociferus
EF373325.1	k__Metazoa;p__Chordata;c__Aves;o__Columbiformes;f__Columbidae;g__Zenaida;s__macroura
EF373885.1	k__Metazoa;p__Chordata;c__Aves;o__Galliformes;f__Phasianidae;g__Gallus;s__gallus
EF375877.3	k__Metazoa;p__Chordata;c__Mammalia;o__Artiodactyla;f__Suidae;g__Sus;s__scrofa
EF472144.1	k__Metazoa;p__Chordata;c__Amphibia;o__Anura;f__Hylidae;g__Pseudacris;s__triseriata
EF472163.1	k__Metazoa;p__Chordata;c__Amphibia;o__Anura;f__Hylidae;g__Pseudacris;s__feriarum
EF472165.1	k__Metazoa;p__Chordata;c__Amphibia;o__Anura;f__Hylidae;g__Pseudacris;s__feriarum
EF472197.1	k__Metazoa;p__Chordata;c__Amphibia;o__Anura;f__Hylidae;g__Pseudacris;s__feriarum
EF472198.1	k__Metazoa;p__Chordata;c__Amphibia;o__Anura;f__Hylidae;g__Pseudacris;s__feriarum
EF472203.1	k__Metazoa;p__Chordata;c__Amphibia;o__Anura;f__Hylidae;g__Pseudacris;s__feriarum
EF472206.1	k__Metazoa;p__Chordata;c__Amphibia;o__Anura;f__Hylidae;g__Pseudacris;s__feriarum
EF472221.1	k__Metazoa;p__Chordata;c__Amphibia;o__Anura;f__Hylidae;g__Pseudacris;s__feriarum
EF532935.1	k__Metazoa;p__Chordata;c__Aves;o__Apodiformes;f__Trochilidae;g__Archilochus;s__colubris
EF545592.1	k__Metazoa;p__Chordata;c__Mammalia;o__Artiodactyla;f__Suidae;g__Sus;s__scrofa
EMA00005_Esox_masquinongy	k__Metazoa;p__Chordata;c__Actinopteri;o__Esociformes;f__Esocidae;g__Esox;s__masquinongy
EU009397.1	k__Metazoa;p__Chordata;c__Aves;o__Anseriformes;f__Anatidae;g__Anas;s__platyrhynchos
EU090702.1	k__Metazoa;p__Chordata;c__Mammalia;o__Artiodactyla;f__Suidae;g__Sus;s__scrofa
EU090703.1	k__Metazoa;p__Chordata;c__Mammalia;o__Artiodactyla;f__Suidae;g__Sus;s__scrofa
EU092941.1	k__Metazoa;p__Chordata;c__Mammalia;o__Primates;f__Hominidae;g__Homo;s__sapiens
EU167033.1	k__Metazoa;p__Chordata;c__Aves;o__Pelecaniformes;f__Ardeidae;g__Nyctanassa;s__violacea
EU167037.1	k__Metazoa;p__Chordata;c__Aves;o__Caprimulgiformes;f__Caprimulgidae;g__Chordeiles;s__minor
EU167039.1	k__Metazoa;p__Chordata;c__Aves;o__Coraciiformes;f__Cerylidae;g__Megaceryle;s__alcyon
EU167048.1	k__Metazoa;p__Chordata;c__Aves;o__Gaviiformes;f__Gaviidae;g__Gavia;s__adamsii
EU167063.1	k__Metazoa;p__Chordata;c__Aves;o__Accipitriformes;f__Pandionidae;g__Pandion;s__haliaetus
EU167070.1	k__Metazoa;p__Chordata;c__Aves;o__Podicipediformes;f__Podicipedidae;g__Podilymbus;s__podiceps
EU167071.1	k__Metazoa;p__Chordata;c__Aves;o__Podicipediformes;f__Podicipedidae;g__Podiceps;s__nigricollis
EU167082.1	k__Metazoa;p__Chordata;c__Aves;o__Pelecaniformes;f__Threskiornithidae;g__Eudocimus;s__albus
EU167085.1	k__Metazoa;p__Chordata;c__Aves;o__Strigiformes;f__Tytonidae;g__Tyto;s__alba
EU372672.2	k__Metazoa;p__Chordata;c__Aves;o__Passeriformes;f__Turdidae;g__Catharus;s__guttatus
EU408291.1	k__Metazoa;p__Chordata;c__Mammalia;o__Carnivora;f__Canidae;g__Canis;s__lupus_familiaris
EU427840.1	k__Metazoa;p__Chordata;c__Amphibia;o__Caudata;f__Plethodontidae;g__Plethodon;s__glutinosus
EU427841.1	k__Metazoa;p__Chordata;c__Amphibia;o__Caudata;f__Plethodontidae;g__Plethodon;s__glutinosus
EU427842.1	k__Metazoa;p__Chordata;c__Amphibia;o__Caudata;f__Plethodontidae;g__Plethodon;s__glutinosus
EU427843.1	k__Metazoa;p__Chordata;c__Amphibia;o__Caudata;f__Plethodontidae;g__Plethodon;s__glutinosus
EU427847.1	k__Metazoa;p__Chordata;c__Amphibia;o__Caudata;f__Plethodontidae;g__Plethodon;s__glutinosus
EU427852.1	k__Metazoa;p__Chordata;c__Amphibia;o__Caudata;f__Plethodontidae;g__Plethodon;s__glutinosus
EU427865.1	k__Metazoa;p__Chordata;c__Amphibia;o__Caudata;f__Plethodontidae;g__Plethodon;s__glutinosus
EU427884.1	k__Metazoa;p__Chordata;c__Amphibia;o__Caudata;f__Plethodontidae;g__Plethodon;s__glutinosus
EU600365.1	k__Metazoa;p__Chordata;c__Mammalia;o__Primates;f__Hominidae;g__Homo;s__sapiens
EU670804_Misgurnus_anguillicaudatus	k__Metazoa;p__Chordata;c__Actinopteri;o__Cypriniformes;f__Cobitidae;g__Misgurnus;s__anguillicaudatus
EU747729.1	k__Metazoa;p__Chordata;c__Reptilia;o__Squamata;f__Anguidae;g__Ophisaurus;s__attenuatus
EU880323.1	k__Metazoa;p__Chordata;c__Amphibia;o__Caudata;f__Salamandridae;g__Notophthalmus;s__viridescens
Elassoma_zonatum_(reversed)	k__Metazoa;p__Chordata;c__Actinopteri;o__Centrarchiformes;f__Elassomatidae;g__Elassoma;s__zonatum
Erimystax_dissimilis_(reversed)	k__Metazoa;p__Chordata;c__Actinopteri;o__Cypriniformes;f__Leuciscidae;g__Erimystax;s__dissimilis
Erimystax_dissimilis_2_(reversed)	k__Metazoa;p__Chordata;c__Actinopteri;o__Cypriniformes;f__Leuciscidae;g__Erimystax;s__dissimilis
Erimystax_x-punctatus_(reversed)	k__Metazoa;p__Chordata;c__Actinopteri;o__Cypriniformes;f__Leuciscidae;g__Erimystax;s__x-punctatus
Erimyzon_claviformis_AUFT7272_12SV5	k__Metazoa;p__Chordata;c__Actinopteri;o__Cypriniformes;f__Catostomidae;g__Erimyzon;s__claviformis
Erimyzon_oblongus_(reversed)	k__Metazoa;p__Chordata;c__Actinopteri;o__Cypriniformes;f__Catostomidae;g__Erimyzon;s__oblongus
Erimyzon_sucetta_118399a_12SV5	k__Metazoa;p__Chordata;c__Actinopteri;o__Cypriniformes;f__Catostomidae;g__Erimyzon;s__sucetta
Esox_lucius_(reversed)	k__Metazoa;p__Chordata;c__Actinopteri;o__Esociformes;f__Esocidae;g__Esox;s__lucius
Esox_lucius_2_(reversed)	k__Metazoa;p__Chordata;c__Actinopteri;o__Esociformes;f__Esocidae;g__Esox;s__lucius
Esox_masquinongy_(reversed)	k__Metazoa;p__Chordata;c__Actinopteri;o__Esociformes;f__Esocidae;g__Esox;s__masquinongy
Etheostoma_asprigene_(reversed)	k__Metazoa;p__Chordata;c__Actinopteri;o__Perciformes;f__Percidae;g__Etheostoma;s__asprigene
Etheostoma_blennioides_(reversed)	k__Metazoa;p__Chordata;c__Actinopteri;o__Perciformes;f__Percidae;g__Etheostoma;s__blennioides
Etheostoma_blennioides_2_(reversed)	k__Metazoa;p__Chordata;c__Actinopteri;o__Perciformes;f__Percidae;g__Etheostoma;s__blennioides
Etheostoma_caeruleum_(reversed)	k__Metazoa;p__Chordata;c__Actinopteri;o__Perciformes;f__Percidae;g__Etheostoma;s__caeruleum
Etheostoma_caeruleum_2_(reversed)	k__Metazoa;p__Chordata;c__Actinopteri;o__Perciformes;f__Percidae;g__Etheostoma;s__caeruleum
Etheostoma_camurum_(reversed)	k__Metazoa;p__Chordata;c__Actinopteri;o__Perciformes;f__Percidae;g__Etheostoma;s__camurum
Etheostoma_camurum_2_(reversed)	k__Metazoa;p__Chordata;c__Actinopteri;o__Perciformes;f__Percidae;g__Etheostoma;s__camurum
Etheostoma_chlorosomum_(reversed)	k__Metazoa;p__Chordata;c__Actinopteri;o__Perciformes;f__Percidae;g__Etheostoma;s__chlorosomum
Etheostoma_flabellare_(reversed)	k__Metazoa;p__Chordata;c__Actinopteri;o__Perciformes;f__Percidae;g__Etheostoma;s__flabellare
Etheostoma_gracile_(reversed)	k__Metazoa;p__Chordata;c__Actinopteri;o__Perciformes;f__Percidae;g__Etheostoma;s__gracile
Etheostoma_histrio_(reversed)	k__Metazoa;p__Chordata;c__Actinopteri;o__Perciformes;f__Percidae;g__Etheostoma;s__histrio
Etheostoma_kennicotti_(reversed)	k__Metazoa;p__Chordata;c__Actinopteri;o__Perciformes;f__Percidae;g__Etheostoma;s__kennicotti
Etheostoma_microperca_118368.1_12SV5	k__Metazoa;p__Chordata;c__Actinopteri;o__Perciformes;f__Percidae;g__Etheostoma;s__microperca
Etheostoma_microperca_118368.2_12SV5	k__Metazoa;p__Chordata;c__Actinopteri;o__Perciformes;f__Percidae;g__Etheostoma;s__microperca
Etheostoma_nigrum_(reversed)	k__Metazoa;p__Chordata;c__Actinopteri;o__Perciformes;f__Percidae;g__Etheostoma;s__nigrum
Etheostoma_nigrum_2_(reversed)	k__Metazoa;p__Chordata;c__Actinopteri;o__Perciformes;f__Percidae;g__Etheostoma;s__nigrum
Etheostoma_proeliare_(reversed)	k__Metazoa;p__Chordata;c__Actinopteri;o__Perciformes;f__Percidae;g__Etheostoma;s__proeliare
Etheostoma_spectabile_(reversed)	k__Metazoa;p__Chordata;c__Actinopteri;o__Perciformes;f__Percidae;g__Etheostoma;s__spectabile
Etheostoma_spectabile_2_(reversed)	k__Metazoa;p__Chordata;c__Actinopteri;o__Perciformes;f__Percidae;g__Etheostoma;s__spectabile
Etheostoma_tippecanoe_(reversed)	k__Metazoa;p__Chordata;c__Actinopteri;o__Perciformes;f__Percidae;g__Etheostoma;s__tippecanoe
Etheostoma_zonale_(reversed)	k__Metazoa;p__Chordata;c__Actinopteri;o__Perciformes;f__Percidae;g__Etheostoma;s__zonale
Etheostoma_zonale_2_(reversed)	k__Metazoa;p__Chordata;c__Actinopteri;o__Perciformes;f__Percidae;g__Etheostoma;s__zonale
FJ214986_Aphredoderus_sayanus	k__Metazoa;p__Chordata;c__Actinopteri;o__Percopsiformes;f__Aphredoderidae;g__Aphredoderus;s__sayanus
FJ236284.1	k__Metazoa;p__Chordata;c__Aves;o__Passeriformes;f__Parulidae;g__Leiothlypis;s__celata
FJ236285.1	k__Metazoa;p__Chordata;c__Aves;o__Passeriformes;f__Parulidae;g__Setophaga;s__coronata
FJ236286.1	k__Metazoa;p__Chordata;c__Aves;o__Passeriformes;f__Parulidae;g__Geothlypis;s__tolmiei
FJ236288.1	k__Metazoa;p__Chordata;c__Aves;o__Passeriformes;f__Icteridae;g__Sturnella;s__neglecta
FJ236289.1	k__Metazoa;p__Chordata;c__Aves;o__Passeriformes;f__Icteridae;g__Agelaius;s__phoeniceus
FJ236290.1	k__Metazoa;p__Chordata;c__Aves;o__Passeriformes;f__Passerellidae;g__Melospiza;s__melodia
FJ236291.1	k__Metazoa;p__Chordata;c__Aves;o__Passeriformes;f__Passerellidae;g__Pipilo;s__maculatus
FJ236292.1	k__Metazoa;p__Chordata;c__Aves;o__Passeriformes;f__Passerellidae;g__Zonotrichia;s__leucophrys
FJ236296.1	k__Metazoa;p__Chordata;c__Aves;o__Passeriformes;f__Cardinalidae;g__Piranga;s__ludoviciana
FJ236297.1	k__Metazoa;p__Chordata;c__Aves;o__Passeriformes;f__Cardinalidae;g__Passerina;s__amoena
FJ236298.1	k__Metazoa;p__Chordata;c__Aves;o__Passeriformes;f__Cardinalidae;g__Pheucticus;s__melanocephalus
FJ236300.1	k__Metazoa;p__Chordata;c__Aves;o__Passeriformes;f__Fringillidae;g__Haemorhous;s__mexicanus
FJ236301.1	k__Metazoa;p__Chordata;c__Aves;o__Passeriformes;f__Fringillidae;g__Spinus;s__tristis
FJ383331.1	k__Metazoa;p__Chordata;c__Mammalia;o__Primates;f__Hominidae;g__Homo;s__sapiens
FJ392294.1	k__Metazoa;p__Chordata;c__Reptilia;o__Testudines;f__Emydidae;g__Trachemys;s__scripta
FJ445394_Fundulus_diaphanus	k__Metazoa;p__Chordata;c__Actinopteri;o__Cyprinodontiformes;f__Fundulidae;g__Fundulus;s__diaphanus
FJ603663.1	k__Metazoa;p__Chordata;c__Aves;o__Charadriiformes;f__Scolopacidae;g__Gallinago;s__delicata
FJ623960.1	k__Metazoa;p__Chordata;c__Reptilia;o__Squamata;f__Colubridae;g__Cemophora;s__coccinea
FJ623963.1	k__Metazoa;p__Chordata;c__Reptilia;o__Squamata;f__Colubridae;g__Lampropeltis;s__triangulum
FJ752430.1	k__Metazoa;p__Chordata;c__Aves;o__Galliformes;f__Phasianidae;g__Phasianus;s__colchicus
FN675577.1	k__Metazoa;p__Chordata;c__Aves;o__Columbiformes;f__Columbidae;g__Columba;s__livia
FWD00001_Aplodinotus_grunniens	k__Metazoa;p__Chordata;c__Actinopteri;o__Acanthuriformes;f__Sciaenidae;g__Aplodinotus;s__grunniens
Fundulus_notatus_(reversed)	k__Metazoa;p__Chordata;c__Actinopteri;o__Cyprinodontiformes;f__Fundulidae;g__Fundulus;s__notatus
Fundulus_olivaceus_(reversed)	k__Metazoa;p__Chordata;c__Actinopteri;o__Cyprinodontiformes;f__Fundulidae;g__Fundulus;s__olivaceus
GOR00004_Moxostoma_erythrurum	k__Metazoa;p__Chordata;c__Actinopteri;o__Cypriniformes;f__Catostomidae;g__Moxostoma;s__erythrurum
GOS00001_Notemigonus_crysoleucas	k__Metazoa;p__Chordata;c__Actinopteri;o__Cypriniformes;f__Leuciscidae;g__Notemigonus;s__crysoleucas
GQ264618.1	k__Metazoa;p__Chordata;c__Aves;o__Accipitriformes;f__Accipitridae;g__Buteo;s__jamaicensis
GQ264621.1	k__Metazoa;p__Chordata;c__Aves;o__Accipitriformes;f__Accipitridae;g__Buteo;s__lagopus
GQ264623.1	k__Metazoa;p__Chordata;c__Aves;o__Accipitriformes;f__Accipitridae;g__Buteo;s__lineatus
GQ264631.1	k__Metazoa;p__Chordata;c__Aves;o__Accipitriformes;f__Accipitridae;g__Buteo;s__platypterus
GQ264637.1	k__Metazoa;p__Chordata;c__Aves;o__Accipitriformes;f__Accipitridae;g__Buteo;s__regalis
GQ264645.1	k__Metazoa;p__Chordata;c__Aves;o__Accipitriformes;f__Accipitridae;g__Buteo;s__swainsoni
GQ264657.1	k__Metazoa;p__Chordata;c__Aves;o__Accipitriformes;f__Accipitridae;g__Haliaeetus;s__leucocephalus
GQ264660.1	k__Metazoa;p__Chordata;c__Aves;o__Accipitriformes;f__Accipitridae;g__Ictinia;s__mississippiensis
GQ368661.1	k__Metazoa;p__Chordata;c__Amphibia;o__Caudata;f__Sirenidae;g__Siren;s__intermedia
GQ368662.1	k__Metazoa;p__Chordata;c__Amphibia;o__Caudata;f__Cryptobranchidae;g__Cryptobranchus;s__alleganiensis
GQ464570.1	k__Metazoa;p__Chordata;c__Reptilia;o__Squamata;f__Phrynosomatidae;g__Sceloporus;s__undulatus
GQ979707.3	k__Metazoa;p__Chordata;c__Mammalia;o__Carnivora;f__Felidae;g__Lynx;s__rufus
GRP00001_Esox_americanus	k__Metazoa;p__Chordata;c__Actinopteri;o__Esociformes;f__Esocidae;g__Esox;s__americanus
GU078471_Ambystoma_texanum	k__Metazoa;p__Chordata;c__Amphibia;o__Caudata;f__Ambystomatidae;g__Ambystoma;s__texanum
GU261707.1	k__Metazoa;p__Chordata;c__Aves;o__Galliformes;f__Phasianidae;g__Gallus;s__gallus
GU477764_Mauremys_reevesii	k__Metazoa;p__Chordata;c__Reptilia;o__Testudines;f__Geoemydidae;g__Mauremys;s__reevesii
GU592047.1	k__Metazoa;p__Chordata;c__Mammalia;o__Primates;f__Hominidae;g__Homo;s__sapiens
Gambusia_affinis_(reversed)	k__Metazoa;p__Chordata;c__Actinopteri;o__Cyprinodontiformes;f__Poeciliidae;g__Gambusia;s__affinis
Gambusia_affinis_2_(reversed)	k__Metazoa;p__Chordata;c__Actinopteri;o__Cyprinodontiformes;f__Poeciliidae;g__Gambusia;s__affinis
Gambusia_affinis_3_(reversed)	k__Metazoa;p__Chordata;c__Actinopteri;o__Cyprinodontiformes;f__Poeciliidae;g__Gambusia;s__affinis
Gambusia_affinis_4_(reversed)	k__Metazoa;p__Chordata;c__Actinopteri;o__Cyprinodontiformes;f__Poeciliidae;g__Gambusia;s__affinis
Gasterosteus_aculeatus_(reversed)	k__Metazoa;p__Chordata;c__Actinopteri;o__Perciformes;f__Gasterosteidae;g__Gasterosteus;s__aculeatus
Gasterosteus_aculeatus_2_(reversed)	k__Metazoa;p__Chordata;c__Actinopteri;o__Perciformes;f__Gasterosteidae;g__Gasterosteus;s__aculeatus
Gasterosteus_aculeatus_3_(reversed)	k__Metazoa;p__Chordata;c__Actinopteri;o__Perciformes;f__Gasterosteidae;g__Gasterosteus;s__aculeatus
Gasterosteus_aculeatus_4_(reversed)	k__Metazoa;p__Chordata;c__Actinopteri;o__Perciformes;f__Gasterosteidae;g__Gasterosteus;s__aculeatus
Gasterosteus_aculeatus_5_(reversed)	k__Metazoa;p__Chordata;c__Actinopteri;o__Perciformes;f__Gasterosteidae;g__Gasterosteus;s__aculeatus
HG962386.1	k__Metazoa;p__Chordata;c__Mammalia;o__Rodentia;f__Sciuridae;g__Sciurus;s__carolinensis
HHC00001_Nocomis_biguttatus	k__Metazoa;p__Chordata;c__Actinopteri;o__Cypriniformes;f__Leuciscidae;g__Nocomis;s__biguttatus
HM041971.1	k__Metazoa;p__Chordata;c__Mammalia;o__Primates;f__Hominidae;g__Homo;s__sapiens
HM063537.1	k__Metazoa;p__Chordata;c__Aves;o__Anseriformes;f__Anatidae;g__Mareca;s__americana
HM063543.1	k__Metazoa;p__Chordata;c__Aves;o__Anseriformes;f__Anatidae;g__Aix;s__sponsa
HM063557.1	k__Metazoa;p__Chordata;c__Aves;o__Anseriformes;f__Anatidae;g__Branta;s__bernicla
HM063558.1	k__Metazoa;p__Chordata;c__Aves;o__Anseriformes;f__Anatidae;g__Cygnus;s__olor
HM106319.1	k__Metazoa;p__Chordata;c__Mammalia;o__Carnivora;f__Mustelidae;g__Mustela;s__nivalis
HM106321.1	k__Metazoa;p__Chordata;c__Mammalia;o__Carnivora;f__Mustelidae;g__Mustela;s__frenata
HM106330.1	k__Metazoa;p__Chordata;c__Mammalia;o__Carnivora;f__Mustelidae;g__Taxidea;s__taxus
HM106332.1	k__Metazoa;p__Chordata;c__Mammalia;o__Carnivora;f__Mephitidae;g__Mephitis;s__mephitis
HM106493_Osmerus_mordax	k__Metazoa;p__Chordata;c__Actinopteri;o__Osmeriformes;f__Osmeridae;g__Osmerus;s__mordax
HM596691.1	k__Metazoa;p__Chordata;c__Mammalia;o__Primates;f__Hominidae;g__Homo;s__sapiens
HM623883.1	k__Metazoa;p__Chordata;c__Mammalia;o__Artiodactyla;f__Bovidae;g__Capra;s__hircus
HM641837.1	k__Metazoa;p__Chordata;c__Reptilia;o__Squamata;f__Viperidae;g__Crotalus;s__horridus
HM856629_Misgurnus_anguillicaudatus	k__Metazoa;p__Chordata;c__Actinopteri;o__Cypriniformes;f__Cobitidae;g__Misgurnus;s__anguillicaudatus
HQ332445.1	k__Metazoa;p__Chordata;c__Mammalia;o__Artiodactyla;f__Cervidae;g__Odocoileus;s__virginianus
HQ896036.1	k__Metazoa;p__Chordata;c__Aves;o__Gruiformes;f__Rallidae;g__Gallinula;s__chloropus
Herichthys_cyanoguttatus_(reversed)	k__Metazoa;p__Chordata;c__Actinopteri;o__Cichliformes;f__Cichlidae;g__Herichthys;s__cyanoguttatus
Hiodon_alosoides_(reversed)	k__Metazoa;p__Chordata;c__Actinopteri;o__Hiodontiformes;f__Hiodontidae;g__Hiodon;s__alosoides
Hiodon_tergisus_(reversed)	k__Metazoa;p__Chordata;c__Actinopteri;o__Hiodontiformes;f__Hiodontidae;g__Hiodon;s__tergisus
Hybognathus_hankinsoni_AUFT128_12SV5	k__Metazoa;p__Chordata;c__Actinopteri;o__Cypriniformes;f__Leuciscidae;g__Hybognathus;s__hankinsoni
Hybognathus_nuchalis_(reversed)	k__Metazoa;p__Chordata;c__Actinopteri;o__Cypriniformes;f__Leuciscidae;g__Hybognathus;s__nuchalis
Hybognathus_nuchalis_2_(reversed)	k__Metazoa;p__Chordata;c__Actinopteri;o__Cypriniformes;f__Leuciscidae;g__Hybognathus;s__nuchalis
Hybognathus_placitus_(reversed)	k__Metazoa;p__Chordata;c__Actinopteri;o__Cypriniformes;f__Leuciscidae;g__Hybognathus;s__placitus
Hybopsis_amblops_(reversed)	k__Metazoa;p__Chordata;c__Actinopteri;o__Cypriniformes;f__Leuciscidae;g__Hybopsis;s__amblops
Hybopsis_amblops_2_(reversed)	k__Metazoa;p__Chordata;c__Actinopteri;o__Cypriniformes;f__Leuciscidae;g__Hybopsis;s__amblops
Hybopsis_amnis_(reversed)	k__Metazoa;p__Chordata;c__Actinopteri;o__Cypriniformes;f__Leuciscidae;g__Hybopsis;s__amnis
Hypentelium_nigricans_(reversed)	k__Metazoa;p__Chordata;c__Actinopteri;o__Cypriniformes;f__Catostomidae;g__Hypentelium;s__nigricans
Hypophthalmichthys_molitrix_(reversed)	k__Metazoa;p__Chordata;c__Actinopteri;o__Cypriniformes;f__Xenocyprididae;g__Hypophthalmichthys;s__molitrix
Hypophthalmichthys_molitrix_2_(reversed)	k__Metazoa;p__Chordata;c__Actinopteri;o__Cypriniformes;f__Xenocyprididae;g__Hypophthalmichthys;s__molitrix
Hypophthalmichthys_molitrix_3_(reversed)	k__Metazoa;p__Chordata;c__Actinopteri;o__Cypriniformes;f__Xenocyprididae;g__Hypophthalmichthys;s__molitrix
Hypophthalmichthys_molitrix_5_(reversed)	k__Metazoa;p__Chordata;c__Actinopteri;o__Cypriniformes;f__Xenocyprididae;g__Hypophthalmichthys;s__molitrix
Hypophthalmichthys_nobilis_(reversed)	k__Metazoa;p__Chordata;c__Actinopteri;o__Cypriniformes;f__Xenocyprididae;g__Hypophthalmichthys;s__nobilis
Hypophthalmichthys_nobilis_2_(reversed)	k__Metazoa;p__Chordata;c__Actinopteri;o__Cypriniformes;f__Xenocyprididae;g__Hypophthalmichthys;s__nobilis
Hypophthalmichthys_nobilis_3_(reversed)	k__Metazoa;p__Chordata;c__Actinopteri;o__Cypriniformes;f__Xenocyprididae;g__Hypophthalmichthys;s__nobilis
Hypophthalmichthys_nobilis_5_(reversed)	k__Metazoa;p__Chordata;c__Actinopteri;o__Cypriniformes;f__Xenocyprididae;g__Hypophthalmichthys;s__nobilis
Ichthyomyzon_fossor_(reversed)	k__Metazoa;p__Chordata;c__Hyperoartia;o__Petromyzontiformes;f__Petromyzontidae;g__Ichthyomyzon;s__fossor
Ichthyomyzon_gagei_(reversed)	k__Metazoa;p__Chordata;c__Hyperoartia;o__Petromyzontiformes;f__Petromyzontidae;g__Ichthyomyzon;s__gagei
Ichthyomyzon_unicuspis_(reversed)	k__Metazoa;p__Chordata;c__Hyperoartia;o__Petromyzontiformes;f__Petromyzontidae;g__Ichthyomyzon;s__unicuspis
Ictalurus_furcatus_(reversed)	k__Metazoa;p__Chordata;c__Actinopteri;o__Siluriformes;f__Ictaluridae;g__Ictalurus;s__furcatus
Ictalurus_furcatus_2_(reversed)	k__Metazoa;p__Chordata;c__Actinopteri;o__Siluriformes;f__Ictaluridae;g__Ictalurus;s__furcatus
Ictalurus_punctatus_(reversed)	k__Metazoa;p__Chordata;c__Actinopteri;o__Siluriformes;f__Ictaluridae;g__Ictalurus;s__punctatus
Ictalurus_punctatus_2_(reversed)	k__Metazoa;p__Chordata;c__Actinopteri;o__Siluriformes;f__Ictaluridae;g__Ictalurus;s__punctatus
Ictalurus_punctatus_3_(reversed)	k__Metazoa;p__Chordata;c__Actinopteri;o__Siluriformes;f__Ictaluridae;g__Ictalurus;s__punctatus
Ictiobus_bubalus_(reversed)	k__Metazoa;p__Chordata;c__Actinopteri;o__Cypriniformes;f__Catostomidae;g__Ictiobus;s__bubalus
Ictiobus_cyprinellus_(reversed)	k__Metazoa;p__Chordata;c__Actinopteri;o__Cypriniformes;f__Catostomidae;g__Ictiobus;s__cyprinellus
Ictiobus_niger_AUFT138_12SV5	k__Metazoa;p__Chordata;c__Actinopteri;o__Cypriniformes;f__Catostomidae;g__Ictiobus;s__niger
J01438.1	k__Metazoa;p__Chordata;c__Mammalia;o__Rodentia;f__Muridae;g__Rattus;s__norvegicus
JF912030_Lepisosteus_osseus	k__Metazoa;p__Chordata;c__Actinopteri;o__Semionotiformes;f__Lepisosteidae;g__Lepisosteus;s__osseus
JF912031_Lepisosteus_oculatus	k__Metazoa;p__Chordata;c__Actinopteri;o__Semionotiformes;f__Lepisosteidae;g__Lepisosteus;s__oculatus
JF912032_Lepisosteus_osseus	k__Metazoa;p__Chordata;c__Actinopteri;o__Semionotiformes;f__Lepisosteidae;g__Lepisosteus;s__osseus
JF912036_Lepisosteus_osseus	k__Metazoa;p__Chordata;c__Actinopteri;o__Semionotiformes;f__Lepisosteidae;g__Lepisosteus;s__osseus
JF964960_Nerodia_sipedon	k__Metazoa;p__Chordata;c__Reptilia;o__Squamata;f__Colubridae;g__Nerodia;s__sipedon
JF966197.1	k__Metazoa;p__Chordata;c__Reptilia;o__Testudines;f__Trionychidae;g__Apalone;s__spinifera
JN015531_Ictalurus_punctatus	k__Metazoa;p__Chordata;c__Actinopteri;o__Siluriformes;f__Ictaluridae;g__Ictalurus;s__punctatus
JN015534_Noturus_gyrinus	k__Metazoa;p__Chordata;c__Actinopteri;o__Siluriformes;f__Ictaluridae;g__Noturus;s__gyrinus
JN018412.1	k__Metazoa;p__Chordata;c__Aves;o__Pelecaniformes;f__Ardeidae;g__Nycticorax;s__nycticorax
JN209842.1	k__Metazoa;p__Chordata;c__Mammalia;o__Chiroptera;f__Vespertilionidae;g__Lasiurus;s__borealis
JN315625.1	k__Metazoa;p__Chordata;c__Mammalia;o__Rodentia;f__Cricetidae;g__Ondatra;s__zibethicus
JN632673.1	k__Metazoa;p__Chordata;c__Mammalia;o__Artiodactyla;f__Cervidae;g__Odocoileus;s__virginianus
JN860637.1	k__Metazoa;p__Chordata;c__Reptilia;o__Testudines;f__Emydidae;g__Graptemys;s__pseudogeographica
JQ045073.1	k__Metazoa;p__Chordata;c__Mammalia;o__Primates;f__Hominidae;g__Homo;s__sapiens
JQ071615.1	k__Metazoa;p__Chordata;c__Aves;o__Passeriformes;f__Hirundinidae;g__Tachycineta;s__thalassina
JQ231114_Hypophthalmichthys_molitrix	k__Metazoa;p__Chordata;c__Actinopteri;o__Cypriniformes;f__Xenocyprididae;g__Hypophthalmichthys;s__molitrix
JQ390057_Salmo_trutta	k__Metazoa;p__Chordata;c__Actinopteri;o__Salmoniformes;f__Salmonidae;g__Salmo;s__trutta
JQ390060_Coregonus_clupeaformis	k__Metazoa;p__Chordata;c__Actinopteri;o__Salmoniformes;f__Salmonidae;g__Coregonus;s__clupeaformis
JQ705956.1	k__Metazoa;p__Chordata;c__Mammalia;o__Primates;f__Hominidae;g__Homo;s__sapiens
JQ962983.1	k__Metazoa;p__Chordata;c__Aves;o__Charadriiformes;f__Scolopacidae;g__Gallinago;s__delicata
JQ962988.1	k__Metazoa;p__Chordata;c__Aves;o__Charadriiformes;f__Scolopacidae;g__Limnodromus;s__griseus
JQ962992.1	k__Metazoa;p__Chordata;c__Aves;o__Charadriiformes;f__Scolopacidae;g__Numenius;s__americanus
JX047295.1	k__Metazoa;p__Chordata;c__Mammalia;o__Rodentia;f__Sciuridae;g__Ictidomys;s__tridecemlineatus
JX088678.1	k__Metazoa;p__Chordata;c__Mammalia;o__Carnivora;f__Canidae;g__Canis;s__lupus_familiaris
JX303813.1	k__Metazoa;p__Chordata;c__Mammalia;o__Primates;f__Hominidae;g__Homo;s__sapiens
JX486030.1	k__Metazoa;p__Chordata;c__Aves;o__Passeriformes;f__Passeridae;g__Passer;s__montanus
JX516064.1	k__Metazoa;p__Chordata;c__Aves;o__Passeriformes;f__Icteridae;g__Quiscalus;s__quiscula
JX516072.1	k__Metazoa;p__Chordata;c__Aves;o__Passeriformes;f__Icteridae;g__Euphagus;s__cyanocephalus
JX629446_Perca_flavescens	k__Metazoa;p__Chordata;c__Actinopteri;o__Perciformes;f__Percidae;g__Perca;s__flavescens
JX899750_Ameiurus_nebulosus	k__Metazoa;p__Chordata;c__Actinopteri;o__Siluriformes;f__Ictaluridae;g__Ameiurus;s__nebulosus
KC345845.1	k__Metazoa;p__Chordata;c__Mammalia;o__Primates;f__Hominidae;g__Homo;s__sapiens
KC346008.1	k__Metazoa;p__Chordata;c__Mammalia;o__Primates;f__Hominidae;g__Homo;s__sapiens
KC489473.1	k__Metazoa;p__Chordata;c__Aves;o__Columbiformes;f__Columbidae;g__Ectopistes;s__migratorius
KC509900_Misgurnus_anguillicaudatus	k__Metazoa;p__Chordata;c__Actinopteri;o__Cypriniformes;f__Cobitidae;g__Misgurnus;s__anguillicaudatus
KC663435_Sander_canadensis	k__Metazoa;p__Chordata;c__Actinopteri;o__Perciformes;f__Percidae;g__Sander;s__canadensis
KC733251.1	k__Metazoa;p__Chordata;c__Mammalia;o__Primates;f__Hominidae;g__Homo;s__sapiens
KC763409.1	k__Metazoa;p__Chordata;c__Mammalia;o__Primates;f__Hominidae;g__Homo;s__sapiens
KF161145.1	k__Metazoa;p__Chordata;c__Mammalia;o__Primates;f__Hominidae;g__Homo;s__sapiens
KF161253.1	k__Metazoa;p__Chordata;c__Mammalia;o__Primates;f__Hominidae;g__Homo;s__sapiens
KF161304.1	k__Metazoa;p__Chordata;c__Mammalia;o__Primates;f__Hominidae;g__Homo;s__sapiens
KF161333.1	k__Metazoa;p__Chordata;c__Mammalia;o__Primates;f__Hominidae;g__Homo;s__sapiens
KF161415.1	k__Metazoa;p__Chordata;c__Mammalia;o__Primates;f__Hominidae;g__Homo;s__sapiens
KF161534.1	k__Metazoa;p__Chordata;c__Mammalia;o__Primates;f__Hominidae;g__Homo;s__sapiens
KF161746.1	k__Metazoa;p__Chordata;c__Mammalia;o__Primates;f__Hominidae;g__Homo;s__sapiens
KF161770.1	k__Metazoa;p__Chordata;c__Mammalia;o__Primates;f__Hominidae;g__Homo;s__sapiens
KF162086.1	k__Metazoa;p__Chordata;c__Mammalia;o__Primates;f__Hominidae;g__Homo;s__sapiens
KF162373.1	k__Metazoa;p__Chordata;c__Mammalia;o__Primates;f__Hominidae;g__Homo;s__sapiens
KF451422.1	k__Metazoa;p__Chordata;c__Mammalia;o__Primates;f__Hominidae;g__Homo;s__sapiens
KF509923.1	k__Metazoa;p__Chordata;c__Aves;o__Passeriformes;f__Corvidae;g__Nucifraga;s__columbiana
KF661085.1	k__Metazoa;p__Chordata;c__Mammalia;o__Carnivora;f__Canidae;g__Canis;s__lupus
KF661087.1	k__Metazoa;p__Chordata;c__Mammalia;o__Carnivora;f__Canidae;g__Canis;s__lupus
KF661093.1	k__Metazoa;p__Chordata;c__Mammalia;o__Carnivora;f__Canidae;g__Canis;s__lupus_familiaris
KF781333.1	k__Metazoa;p__Chordata;c__Aves;o__Passeriformes;f__Sturnidae;g__Sturnus;s__vulgaris
KF905228.1	k__Metazoa;p__Chordata;c__Aves;o__Accipitriformes;f__Accipitridae;g__Aquila;s__chrysaetos
KF926376.1	k__Metazoa;p__Chordata;c__Aves;o__Columbiformes;f__Columbidae;g__Columba;s__livia
KF937876.1	k__Metazoa;p__Chordata;c__Mammalia;o__Rodentia;f__Muridae;g__Mus;s__musculus
KJ190945.1	k__Metazoa;p__Chordata;c__Aves;o__Pelecaniformes;f__Ardeidae;g__Bubulcus;s__ibis
KJ564181_Anguilla_rostrata	k__Metazoa;p__Chordata;c__Actinopteri;o__Anguilliformes;f__Anguillidae;g__Anguilla;s__rostrata
KJ627919_Pungitius_pungitius	k__Metazoa;p__Chordata;c__Actinopteri;o__Perciformes;f__Gasterosteidae;g__Pungitius;s__pungitius
KJ627922_Pungitius_pungitius	k__Metazoa;p__Chordata;c__Actinopteri;o__Perciformes;f__Gasterosteidae;g__Pungitius;s__pungitius
KJ746953_Hypophthalmichthys_molitrix	k__Metazoa;p__Chordata;c__Actinopteri;o__Cypriniformes;f__Xenocyprididae;g__Hypophthalmichthys;s__molitrix
KJ782448.1	k__Metazoa;p__Chordata;c__Mammalia;o__Artiodactyla;f__Suidae;g__Sus;s__scrofa
KJ909187.1	k__Metazoa;p__Chordata;c__Aves;o__Passeriformes;f__Bombycillidae;g__Bombycilla;s__cedrorum
KJ909188.1	k__Metazoa;p__Chordata;c__Aves;o__Passeriformes;f__Regulidae;g__Regulus;s__calendula
KJ909190.1	k__Metazoa;p__Chordata;c__Aves;o__Passeriformes;f__Paridae;g__Poecile;s__atricapillus
KJ909195.1	k__Metazoa;p__Chordata;c__Aves;o__Passeriformes;f__Sittidae;g__Sitta;s__carolinensis
KJ909198.1	k__Metazoa;p__Chordata;c__Aves;o__Passeriformes;f__Turdidae;g__Turdus;s__migratorius
KM057993_Cottus_bairdii	k__Metazoa;p__Chordata;c__Actinopteri;o__Perciformes;f__Cottidae;g__Cottus;s__bairdii
KM061589.1	k__Metazoa;p__Chordata;c__Mammalia;o__Carnivora;f__Canidae;g__Canis;s__lupus_familiaris
KM078770.1	k__Metazoa;p__Chordata;c__Aves;o__Passeriformes;f__Fringillidae;g__Hesperiphona;s__vespertina
KM078781.1	k__Metazoa;p__Chordata;c__Aves;o__Passeriformes;f__Fringillidae;g__Pinicola;s__enucleator
KM245140.1	k__Metazoa;p__Chordata;c__Mammalia;o__Primates;f__Hominidae;g__Homo;s__sapiens
KM264304.1	k__Metazoa;p__Chordata;c__Aves;o__Falconiformes;f__Falconidae;g__Falco;s__columbarius
KM267716_Ichthyomyzon_fossor	k__Metazoa;p__Chordata;c__Hyperoartia;o__Petromyzontiformes;f__Petromyzontidae;g__Ichthyomyzon;s__fossor
KM267717_Ichthyomyzon_unicuspis	k__Metazoa;p__Chordata;c__Hyperoartia;o__Petromyzontiformes;f__Petromyzontidae;g__Ichthyomyzon;s__unicuspis
KM267719_Lampetra_appendix	k__Metazoa;p__Chordata;c__Hyperoartia;o__Petromyzontiformes;f__Petromyzontidae;g__Lampetra;s__appendix
KM282411_Etheostoma_exile	k__Metazoa;p__Chordata;c__Actinopteri;o__Perciformes;f__Percidae;g__Etheostoma;s__exile
KM282425_Lepomis_gulosus	k__Metazoa;p__Chordata;c__Actinopteri;o__Centrarchiformes;f__Centrarchidae;g__Lepomis;s__gulosus
KM282434_Notropis_heterodon	k__Metazoa;p__Chordata;c__Actinopteri;o__Cypriniformes;f__Leuciscidae;g__Notropis;s__heterodon
KM370981_Lepomis_megalotis	k__Metazoa;p__Chordata;c__Actinopteri;o__Centrarchiformes;f__Centrarchidae;g__Lepomis;s__megalotis
KM378618.1	k__Metazoa;p__Chordata;c__Mammalia;o__Primates;f__Hominidae;g__Homo;s__sapiens
KM577662.1	k__Metazoa;p__Chordata;c__Aves;o__Charadriiformes;f__Laridae;g__Chroicocephalus;s__ridibundus
KM612274.1	k__Metazoa;p__Chordata;c__Mammalia;o__Artiodactyla;f__Cervidae;g__Odocoileus;s__virginianus
KM612276.1	k__Metazoa;p__Chordata;c__Mammalia;o__Artiodactyla;f__Cervidae;g__Odocoileus;s__virginianus
KM656458.1	k__Metazoa;p__Chordata;c__Mammalia;o__Primates;f__Hominidae;g__Homo;s__sapiens
KP013084_Oncorhynchus_mykiss	k__Metazoa;p__Chordata;c__Actinopteri;o__Salmoniformes;f__Salmonidae;g__Oncorhynchus;s__mykiss
KP013087_Lepomis_cyanellus	k__Metazoa;p__Chordata;c__Actinopteri;o__Centrarchiformes;f__Centrarchidae;g__Lepomis;s__cyanellus
KP013090_Cottus_bairdii	k__Metazoa;p__Chordata;c__Actinopteri;o__Perciformes;f__Cottidae;g__Cottus;s__bairdii
KP013095_Umbra_limi	k__Metazoa;p__Chordata;c__Actinopteri;o__Esociformes;f__Umbridae;g__Umbra;s__limi
KP013097_Lepomis_gibbosus	k__Metazoa;p__Chordata;c__Actinopteri;o__Centrarchiformes;f__Centrarchidae;g__Lepomis;s__gibbosus
KP013098_Sander_vitreus	k__Metazoa;p__Chordata;c__Actinopteri;o__Perciformes;f__Percidae;g__Sander;s__vitreus
KP013106_Fundulus_notatus	k__Metazoa;p__Chordata;c__Actinopteri;o__Cyprinodontiformes;f__Fundulidae;g__Fundulus;s__notatus
KP013112_Pomoxis_nigromaculatus	k__Metazoa;p__Chordata;c__Actinopteri;o__Centrarchiformes;f__Centrarchidae;g__Pomoxis;s__nigromaculatus
KP013114_Catostomus_commersonii	k__Metazoa;p__Chordata;c__Actinopteri;o__Cypriniformes;f__Catostomidae;g__Catostomus;s__commersonii
KP085590_Oncorhynchus_mykiss	k__Metazoa;p__Chordata;c__Actinopteri;o__Salmoniformes;f__Salmonidae;g__Oncorhynchus;s__mykiss
KP129083.1	k__Metazoa;p__Chordata;c__Mammalia;o__Carnivora;f__Canidae;g__Urocyon;s__cinereoargenteus
KP129108.1	k__Metazoa;p__Chordata;c__Mammalia;o__Carnivora;f__Canidae;g__Urocyon;s__cinereoargenteus
KP222281.1	k__Metazoa;p__Chordata;c__Amphibia;o__Anura;f__Ranidae;g__Lithobates;s__sylvaticus
KP258178.1	k__Metazoa;p__Chordata;c__Aves;o__Columbiformes;f__Columbidae;g__Columba;s__livia
KP273591.1	k__Metazoa;p__Chordata;c__Mammalia;o__Chiroptera;f__Vespertilionidae;g__Myotis;s__lucifugus
KP301137.1	k__Metazoa;p__Chordata;c__Mammalia;o__Artiodactyla;f__Suidae;g__Sus;s__scrofa
KP306894_Ictiobus_cyprinellus	k__Metazoa;p__Chordata;c__Actinopteri;o__Cypriniformes;f__Catostomidae;g__Ictiobus;s__cyprinellus
KP308149.1	k__Metazoa;p__Chordata;c__Aves;o__Charadriiformes;f__Scolopacidae;g__Numenius;s__phaeopus
KP319029.1	k__Metazoa;p__Chordata;c__Aves;o__Columbiformes;f__Columbidae;g__Columba;s__livia
KP403809.1	k__Metazoa;p__Chordata;c__Aves;o__Passeriformes;f__Corvidae;g__Corvus;s__brachyrhynchos
KP644347_Lota_lota	k__Metazoa;p__Chordata;c__Actinopteri;o__Gadiformes;f__Lotidae;g__Lota;s__lota
KP698974.1	k__Metazoa;p__Chordata;c__Mammalia;o__Rodentia;f__Sciuridae;g__Ictidomys;s__tridecemlineatus
KP702293.1	k__Metazoa;p__Chordata;c__Mammalia;o__Primates;f__Hominidae;g__Homo;s__sapiens
KR020500.1	k__Metazoa;p__Chordata;c__Mammalia;o__Rodentia;f__Muridae;g__Mus;s__musculus
KR059146.1	k__Metazoa;p__Chordata;c__Mammalia;o__Artiodactyla;f__Bovidae;g__Capra;s__hircus
KR422696.1	k__Metazoa;p__Chordata;c__Aves;o__Passeriformes;f__Fringillidae;g__Acanthis;s__flammea
KT119343.1	k__Metazoa;p__Chordata;c__Aves;o__Piciformes;f__Picidae;g__Dryobates;s__pubescens
KT166982.1	k__Metazoa;p__Chordata;c__Mammalia;o__Rodentia;f__Cricetidae;g__Microtus;s__ochrogaster
KT211445_Sander_vitreus	k__Metazoa;p__Chordata;c__Actinopteri;o__Perciformes;f__Percidae;g__Sander;s__vitreus
KT211477_Sander_canadensis	k__Metazoa;p__Chordata;c__Actinopteri;o__Perciformes;f__Percidae;g__Sander;s__canadensis
KT278765_Pimephales_promelas	k__Metazoa;p__Chordata;c__Actinopteri;o__Cypriniformes;f__Leuciscidae;g__Pimephales;s__promelas
KT289925_Pimephales_promelas	k__Metazoa;p__Chordata;c__Actinopteri;o__Cypriniformes;f__Leuciscidae;g__Pimephales;s__promelas
KT289926_Etheostoma_nigrum	k__Metazoa;p__Chordata;c__Actinopteri;o__Perciformes;f__Percidae;g__Etheostoma;s__nigrum
KT587594.1	k__Metazoa;p__Chordata;c__Mammalia;o__Primates;f__Hominidae;g__Homo;s__sapiens
KT804702_Ameiurus_melas	k__Metazoa;p__Chordata;c__Actinopteri;o__Siluriformes;f__Ictaluridae;g__Ameiurus;s__melas
KT818542.1	k__Metazoa;p__Chordata;c__Mammalia;o__Cingulata;f__Dasypodidae;g__Dasypus;s__novemcinctus
KT901460.1	k__Metazoa;p__Chordata;c__Mammalia;o__Carnivora;f__Canidae;g__Canis;s__lupus
KT989235.1	k__Metazoa;p__Chordata;c__Aves;o__Falconiformes;f__Falconidae;g__Falco;s__rusticolus
KT989571_Pungitius_pungitius	k__Metazoa;p__Chordata;c__Actinopteri;o__Perciformes;f__Gasterosteidae;g__Pungitius;s__pungitius
KU057211.1	k__Metazoa;p__Chordata;c__Mammalia;o__Lagomorpha;f__Leporidae;g__Sylvilagus;s__floridanus
KU057216.1	k__Metazoa;p__Chordata;c__Mammalia;o__Lagomorpha;f__Leporidae;g__Sylvilagus;s__floridanus
KU057244.1	k__Metazoa;p__Chordata;c__Mammalia;o__Lagomorpha;f__Leporidae;g__Sylvilagus;s__floridanus
KU057246.1	k__Metazoa;p__Chordata;c__Mammalia;o__Lagomorpha;f__Leporidae;g__Sylvilagus;s__floridanus
KU131353.1	k__Metazoa;p__Chordata;c__Mammalia;o__Primates;f__Hominidae;g__Homo;s__sapiens
KU140667.1	k__Metazoa;p__Chordata;c__Aves;o__Anseriformes;f__Anatidae;g__Mergus;s__merganser
KU158192.1	k__Metazoa;p__Chordata;c__Aves;o__Columbiformes;f__Columbidae;g__Ectopistes;s__migratorius
KU177045.1	k__Metazoa;p__Chordata;c__Mammalia;o__Rodentia;f__Cricetidae;g__Ondatra;s__zibethicus
KU290427.1	k__Metazoa;p__Chordata;c__Mammalia;o__Carnivora;f__Canidae;g__Canis;s__lupus_familiaris
KU290432.1	k__Metazoa;p__Chordata;c__Mammalia;o__Carnivora;f__Canidae;g__Canis;s__lupus_familiaris
KU290497.1	k__Metazoa;p__Chordata;c__Mammalia;o__Carnivora;f__Canidae;g__Canis;s__lupus_familiaris
KU290564.1	k__Metazoa;p__Chordata;c__Mammalia;o__Carnivora;f__Canidae;g__Canis;s__lupus_familiaris
KU290652.1	k__Metazoa;p__Chordata;c__Mammalia;o__Carnivora;f__Canidae;g__Canis;s__lupus_familiaris
KU290732.1	k__Metazoa;p__Chordata;c__Mammalia;o__Carnivora;f__Canidae;g__Canis;s__lupus_familiaris
KU290795.1	k__Metazoa;p__Chordata;c__Mammalia;o__Carnivora;f__Canidae;g__Canis;s__lupus_familiaris
KU290920.1	k__Metazoa;p__Chordata;c__Mammalia;o__Carnivora;f__Canidae;g__Canis;s__lupus_familiaris
KU641485_Morone_americana	k__Metazoa;p__Chordata;c__Actinopteri;o__Moroniformes;f__Moronidae;g__Morone;s__americana
KU681006_Cyprinus_carpio	k__Metazoa;p__Chordata;c__Actinopteri;o__Cypriniformes;f__Cyprinidae;g__Cyprinus;s__carpio
KU681007_Hypophthalmichthys_molitrix	k__Metazoa;p__Chordata;c__Actinopteri;o__Cypriniformes;f__Xenocyprididae;g__Hypophthalmichthys;s__molitrix
KU683393.1	k__Metazoa;p__Chordata;c__Mammalia;o__Primates;f__Hominidae;g__Homo;s__sapiens
KU696405.1	k__Metazoa;p__Chordata;c__Mammalia;o__Carnivora;f__Canidae;g__Canis;s__lupus
KU946955_Hypophthalmichthys_nobilis	k__Metazoa;p__Chordata;c__Actinopteri;o__Cypriniformes;f__Xenocyprididae;g__Hypophthalmichthys;s__nobilis
KU946956_Gambusia_affinis	k__Metazoa;p__Chordata;c__Actinopteri;o__Cyprinodontiformes;f__Poeciliidae;g__Gambusia;s__affinis
KU985081_Acipenser_fulvescens	k__Metazoa;p__Chordata;c__Actinopteri;o__Acipenseriformes;f__Acipenseridae;g__Acipenser;s__fulvescens
KX139438_Macrhybopsis_storeriana	k__Metazoa;p__Chordata;c__Actinopteri;o__Cypriniformes;f__Leuciscidae;g__Macrhybopsis;s__storeriana
KX245133.1	k__Metazoa;p__Chordata;c__Aves;o__Passeriformes;f__Corvidae;g__Corvus;s__corax
KX381527.1	k__Metazoa;p__Chordata;c__Mammalia;o__Cingulata;f__Dasypodidae;g__Dasypus;s__novemcinctus
KX381637.1	k__Metazoa;p__Chordata;c__Mammalia;o__Cingulata;f__Dasypodidae;g__Dasypus;s__novemcinctus
KX398931_Hirundo_rustica	k__Metazoa;p__Chordata;c__Aves;o__Passeriformes;f__Hirundinidae;g__Hirundo;s__rustica
KX512321.1	k__Metazoa;p__Chordata;c__Aves;o__Galliformes;f__Phasianidae;g__Gallus;s__gallus
KX925606.1	k__Metazoa;p__Chordata;c__Aves;o__Accipitriformes;f__Accipitridae;g__Circus;s__cyaneus
KY039434.1	k__Metazoa;p__Chordata;c__Aves;o__Galliformes;f__Phasianidae;g__Gallus;s__gallus
KY432578.1	k__Metazoa;p__Chordata;c__Mammalia;o__Artiodactyla;f__Suidae;g__Sus;s__scrofa
KY498629.1	k__Metazoa;p__Chordata;c__Mammalia;o__Primates;f__Hominidae;g__Homo;s__sapiens
KY595617.1	k__Metazoa;p__Chordata;c__Mammalia;o__Primates;f__Hominidae;g__Homo;s__sapiens
KY595659.1	k__Metazoa;p__Chordata;c__Mammalia;o__Primates;f__Hominidae;g__Homo;s__sapiens
KY645594.1	k__Metazoa;p__Chordata;c__Mammalia;o__Primates;f__Hominidae;g__Homo;s__sapiens
KY660677_Ambloplites_rupestris	k__Metazoa;p__Chordata;c__Actinopteri;o__Centrarchiformes;f__Centrarchidae;g__Ambloplites;s__rupestris
KY660678_Etheostoma_caeruleum	k__Metazoa;p__Chordata;c__Actinopteri;o__Perciformes;f__Percidae;g__Etheostoma;s__caeruleum
KY747498.1	k__Metazoa;p__Chordata;c__Reptilia;o__Squamata;f__Viperidae;g__Agkistrodon;s__contortrix
KY752074.1	k__Metazoa;p__Chordata;c__Amphibia;o__Caudata;f__Plethodontidae;g__Eurycea;s__cirrigera
KY798481_Misgurnus_anguillicaudatus	k__Metazoa;p__Chordata;c__Actinopteri;o__Cypriniformes;f__Cobitidae;g__Misgurnus;s__anguillicaudatus
KY827036.1	k__Metazoa;p__Chordata;c__Aves;o__Columbiformes;f__Columbidae;g__Streptopelia;s__decaocto
KY964306.1	k__Metazoa;p__Chordata;c__Mammalia;o__Artiodactyla;f__Suidae;g__Sus;s__scrofa
L22478.1	k__Metazoa;p__Chordata;c__Aves;o__Anseriformes;f__Anatidae;g__Anas;s__platyrhynchos
L28075.1	k__Metazoa;p__Chordata;c__Reptilia;o__Squamata;f__Phrynosomatidae;g__Sceloporus;s__undulatus
L28077.1	k__Metazoa;p__Chordata;c__Reptilia;o__Testudines;f__Emydidae;g__Trachemys;s__scripta
LC552874.1	k__Metazoa;p__Chordata;c__Mammalia;o__Rodentia;f__Muridae;g__Mus;s__musculus
LC627430.1	k__Metazoa;p__Chordata;c__Aves;o__Galliformes;f__Phasianidae;g__Gallus;s__gallus
LNG00001_Lepisosteus_osseus	k__Metazoa;p__Chordata;c__Actinopteri;o__Semionotiformes;f__Lepisosteidae;g__Lepisosteus;s__osseus
Labidesthes_sicculus_(reversed)	k__Metazoa;p__Chordata;c__Actinopteri;o__Atheriniformes;f__Atherinopsidae;g__Labidesthes;s__sicculus
Lampetra_aepyptera_(reversed)	k__Metazoa;p__Chordata;c__Hyperoartia;o__Petromyzontiformes;f__Petromyzontidae;g__Lampetra;s__aepyptera
Lepisosteus_oculatus_(reversed)	k__Metazoa;p__Chordata;c__Actinopteri;o__Semionotiformes;f__Lepisosteidae;g__Lepisosteus;s__oculatus
Lepisosteus_oculatus_2_(reversed)	k__Metazoa;p__Chordata;c__Actinopteri;o__Semionotiformes;f__Lepisosteidae;g__Lepisosteus;s__oculatus
Lepisosteus_oculatus_3_(reversed)	k__Metazoa;p__Chordata;c__Actinopteri;o__Semionotiformes;f__Lepisosteidae;g__Lepisosteus;s__oculatus
Lepisosteus_osseus_(reversed)	k__Metazoa;p__Chordata;c__Actinopteri;o__Semionotiformes;f__Lepisosteidae;g__Lepisosteus;s__osseus
Lepisosteus_osseus_2_(reversed)	k__Metazoa;p__Chordata;c__Actinopteri;o__Semionotiformes;f__Lepisosteidae;g__Lepisosteus;s__osseus
Lepisosteus_osseus_3_(reversed)	k__Metazoa;p__Chordata;c__Actinopteri;o__Semionotiformes;f__Lepisosteidae;g__Lepisosteus;s__osseus
Lepisosteus_osseus_5_(reversed)	k__Metazoa;p__Chordata;c__Actinopteri;o__Semionotiformes;f__Lepisosteidae;g__Lepisosteus;s__osseus
Lepisosteus_platostomus_(reversed)	k__Metazoa;p__Chordata;c__Actinopteri;o__Semionotiformes;f__Lepisosteidae;g__Lepisosteus;s__platostomus
Lepisosteus_platostomus_2_(reversed)	k__Metazoa;p__Chordata;c__Actinopteri;o__Semionotiformes;f__Lepisosteidae;g__Lepisosteus;s__platostomus
Lepisosteus_platostomus_3_(reversed)	k__Metazoa;p__Chordata;c__Actinopteri;o__Semionotiformes;f__Lepisosteidae;g__Lepisosteus;s__platostomus
Lepisosteus_platostomus_4_(reversed)	k__Metazoa;p__Chordata;c__Actinopteri;o__Semionotiformes;f__Lepisosteidae;g__Lepisosteus;s__platostomus
Lepomis_cyanellus_(reversed)	k__Metazoa;p__Chordata;c__Actinopteri;o__Centrarchiformes;f__Centrarchidae;g__Lepomis;s__cyanellus
Lepomis_cyanellus_2_(reversed)	k__Metazoa;p__Chordata;c__Actinopteri;o__Centrarchiformes;f__Centrarchidae;g__Lepomis;s__cyanellus
Lepomis_gibbosus_(reversed)	k__Metazoa;p__Chordata;c__Actinopteri;o__Centrarchiformes;f__Centrarchidae;g__Lepomis;s__gibbosus
Lepomis_gibbosus_2_(reversed)	k__Metazoa;p__Chordata;c__Actinopteri;o__Centrarchiformes;f__Centrarchidae;g__Lepomis;s__gibbosus
Lepomis_gibbosus_3_(reversed)	k__Metazoa;p__Chordata;c__Actinopteri;o__Centrarchiformes;f__Centrarchidae;g__Lepomis;s__gibbosus
Lepomis_gulosus_(reversed)	k__Metazoa;p__Chordata;c__Actinopteri;o__Centrarchiformes;f__Centrarchidae;g__Lepomis;s__gulosus
Lepomis_humilis_(reversed)	k__Metazoa;p__Chordata;c__Actinopteri;o__Centrarchiformes;f__Centrarchidae;g__Lepomis;s__humilis
Lepomis_humilis_2_(reversed)	k__Metazoa;p__Chordata;c__Actinopteri;o__Centrarchiformes;f__Centrarchidae;g__Lepomis;s__humilis
Lepomis_macrochirus_(reversed)	k__Metazoa;p__Chordata;c__Actinopteri;o__Centrarchiformes;f__Centrarchidae;g__Lepomis;s__macrochirus
Lepomis_macrochirus_2_(reversed)	k__Metazoa;p__Chordata;c__Actinopteri;o__Centrarchiformes;f__Centrarchidae;g__Lepomis;s__macrochirus
Lepomis_megalotis_(reversed)	k__Metazoa;p__Chordata;c__Actinopteri;o__Centrarchiformes;f__Centrarchidae;g__Lepomis;s__megalotis
Lepomis_miniatus_(reversed)	k__Metazoa;p__Chordata;c__Actinopteri;o__Centrarchiformes;f__Centrarchidae;g__Lepomis;s__miniatus
Lepomis_punctatus_(reversed)	k__Metazoa;p__Chordata;c__Actinopteri;o__Centrarchiformes;f__Centrarchidae;g__Lepomis;s__punctatus
Lota_lota_(reversed)	k__Metazoa;p__Chordata;c__Actinopteri;o__Gadiformes;f__Lotidae;g__Lota;s__lota
Lota_lota_2_(reversed)	k__Metazoa;p__Chordata;c__Actinopteri;o__Gadiformes;f__Lotidae;g__Lota;s__lota
Luxilus_chrysocephalus_(reversed)	k__Metazoa;p__Chordata;c__Actinopteri;o__Cypriniformes;f__Leuciscidae;g__Luxilus;s__chrysocephalus
Luxilus_cornutus_(reversed)	k__Metazoa;p__Chordata;c__Actinopteri;o__Cypriniformes;f__Leuciscidae;g__Luxilus;s__cornutus
Lythrurus_fumeus_(reversed)	k__Metazoa;p__Chordata;c__Actinopteri;o__Cypriniformes;f__Leuciscidae;g__Lythrurus;s__fumeus
Lythrurus_umbratilis_(reversed)	k__Metazoa;p__Chordata;c__Actinopteri;o__Cypriniformes;f__Leuciscidae;g__Lythrurus;s__umbratilis
Lythrurus_umbratilis_2_(reversed)	k__Metazoa;p__Chordata;c__Actinopteri;o__Cypriniformes;f__Leuciscidae;g__Lythrurus;s__umbratilis
M95110.1	k__Metazoa;p__Chordata;c__Mammalia;o__Eulipotyphla;f__Soricidae;g__Blarina;s__brevicauda
MF038678.1	k__Metazoa;p__Chordata;c__Mammalia;o__Chiroptera;f__Vespertilionidae;g__Eptesicus;s__fuscus
MF056632.1	k__Metazoa;p__Chordata;c__Mammalia;o__Primates;f__Hominidae;g__Homo;s__sapiens
MF143474.1	k__Metazoa;p__Chordata;c__Mammalia;o__Chiroptera;f__Vespertilionidae;g__Eptesicus;s__fuscus
MF143488.1	k__Metazoa;p__Chordata;c__Mammalia;o__Chiroptera;f__Vespertilionidae;g__Myotis;s__leibii
MF443769_Carassius_auratus	k__Metazoa;p__Chordata;c__Actinopteri;o__Cypriniformes;f__Cyprinidae;g__Carassius;s__auratus
MF565382.1	k__Metazoa;p__Chordata;c__Aves;o__Charadriiformes;f__Charadriidae;g__Charadrius;s__alexandrinus
MF579257_Misgurnus_anguillicaudatus	k__Metazoa;p__Chordata;c__Actinopteri;o__Cypriniformes;f__Cobitidae;g__Misgurnus;s__anguillicaudatus
MF621103.1	k__Metazoa;p__Chordata;c__Mammalia;o__Primates;f__Hominidae;g__Homo;s__sapiens
MF621726_Lepomis_gibbosus	k__Metazoa;p__Chordata;c__Actinopteri;o__Centrarchiformes;f__Centrarchidae;g__Lepomis;s__gibbosus
MF621727_Pylodictis_olivaris	k__Metazoa;p__Chordata;c__Actinopteri;o__Siluriformes;f__Ictaluridae;g__Pylodictis;s__olivaris
MF621742_Salvelinus_namaycush	k__Metazoa;p__Chordata;c__Actinopteri;o__Salmoniformes;f__Salmonidae;g__Salvelinus;s__namaycush
MF621748_Salvelinus_namaycush	k__Metazoa;p__Chordata;c__Actinopteri;o__Salmoniformes;f__Salmonidae;g__Salvelinus;s__namaycush
MF621749_Oncorhynchus_kisutch	k__Metazoa;p__Chordata;c__Actinopteri;o__Salmoniformes;f__Salmonidae;g__Oncorhynchus;s__kisutch
MF621766_Coregonus_artedi	k__Metazoa;p__Chordata;c__Actinopteri;o__Salmoniformes;f__Salmonidae;g__Coregonus;s__artedi
MF621767_Prosopium_cylindraceum	k__Metazoa;p__Chordata;c__Actinopteri;o__Salmoniformes;f__Salmonidae;g__Prosopium;s__cylindraceum
MG272997.1	k__Metazoa;p__Chordata;c__Mammalia;o__Primates;f__Hominidae;g__Homo;s__sapiens
MG570406_Ameiurus_natalis	k__Metazoa;p__Chordata;c__Actinopteri;o__Siluriformes;f__Ictaluridae;g__Ameiurus;s__natalis
MG570414_Notropis_heterolepis	k__Metazoa;p__Chordata;c__Actinopteri;o__Cypriniformes;f__Leuciscidae;g__Notropis;s__heterolepis
MG570417_Rhinichthys_obtusus	k__Metazoa;p__Chordata;c__Actinopteri;o__Cypriniformes;f__Leuciscidae;g__Rhinichthys;s__obtusus
MG570421_Alosa_pseudoharengus	k__Metazoa;p__Chordata;c__Actinopteri;o__Clupeiformes;f__Clupeidae;g__Alosa;s__pseudoharengus
MG570447_Luxilus_cornutus	k__Metazoa;p__Chordata;c__Actinopteri;o__Cypriniformes;f__Leuciscidae;g__Luxilus;s__cornutus
MG570457_Pimephales_notatus	k__Metazoa;p__Chordata;c__Actinopteri;o__Cypriniformes;f__Leuciscidae;g__Pimephales;s__notatus
MG681084.1	k__Metazoa;p__Chordata;c__Aves;o__Strigiformes;f__Strigidae;g__Bubo;s__scandiacus
MG822788.1	k__Metazoa;p__Chordata;c__Amphibia;o__Caudata;f__Ambystomatidae;g__Ambystoma;s__talpoideum
MH605315.1	k__Metazoa;p__Chordata;c__Actinopteri;o__Gymnotiformes;f__Sternopygidae;g__Sternopygus;s__dariensis
MH700634.1	k__Metazoa;p__Chordata;c__Aves;o__Passeriformes;f__Cardinalidae;g__Piranga;s__rubra
MH700637.1	k__Metazoa;p__Chordata;c__Aves;o__Passeriformes;f__Cardinalidae;g__Piranga;s__flava
MH763841.1	k__Metazoa;p__Chordata;c__Mammalia;o__Primates;f__Hominidae;g__Homo;s__sapiens
MH801938.1	k__Metazoa;p__Chordata;c__Mammalia;o__Eulipotyphla;f__Soricidae;g__Blarina;s__brevicauda
MH888024.1	k__Metazoa;p__Chordata;c__Amphibia;o__Caudata;f__Sirenidae;g__Siren;s__intermedia
MH888029.1	k__Metazoa;p__Chordata;c__Amphibia;o__Caudata;f__Sirenidae;g__Siren;s__intermedia
MH918123_Esox_lucius	k__Metazoa;p__Chordata;c__Actinopteri;o__Esociformes;f__Esocidae;g__Esox;s__lucius
MIS00001_Notropis_volucellus	k__Metazoa;p__Chordata;c__Actinopteri;o__Cypriniformes;f__Leuciscidae;g__Notropis;s__volucellus
MK033135.1	k__Metazoa;p__Chordata;c__Aves;o__Passeriformes;f__Parulidae;g__Cardellina;s__canadensis
MK069562.1	k__Metazoa;p__Chordata;c__Mammalia;o__Primates;f__Hominidae;g__Homo;s__sapiens
MK069564.1	k__Metazoa;p__Chordata;c__Mammalia;o__Primates;f__Hominidae;g__Homo;s__sapiens
MK069566.1	k__Metazoa;p__Chordata;c__Mammalia;o__Primates;f__Hominidae;g__Homo;s__sapiens
MK234705.1	k__Metazoa;p__Chordata;c__Mammalia;o__Artiodactyla;f__Bovidae;g__Capra;s__hircus
MK342599.1	k__Metazoa;p__Chordata;c__Aves;o__Gaviiformes;f__Gaviidae;g__Gavia;s__pacifica
MK530706.1	k__Metazoa;p__Chordata;c__Actinopteri;o__Gymnotiformes;f__Sternopygidae;g__Sternopygus;s__dariensis
MK936996.1	k__Metazoa;p__Chordata;c__Mammalia;o__Carnivora;f__Canidae;g__Canis;s__lupus
MK936999.1	k__Metazoa;p__Chordata;c__Mammalia;o__Carnivora;f__Canidae;g__Canis;s__lupus
MK937043.1	k__Metazoa;p__Chordata;c__Mammalia;o__Carnivora;f__Canidae;g__Canis;s__lupus
MK937047.1	k__Metazoa;p__Chordata;c__Mammalia;o__Carnivora;f__Canidae;g__Canis;s__lupus
MN071206.1	k__Metazoa;p__Chordata;c__Mammalia;o__Carnivora;f__Canidae;g__Canis;s__lupus
MN122880.1	k__Metazoa;p__Chordata;c__Aves;o__Strigiformes;f__Strigidae;g__Aegolius;s__funereus
MN122893.1	k__Metazoa;p__Chordata;c__Aves;o__Charadriiformes;f__Scolopacidae;g__Calidris;s__alpina
MN122906.1	k__Metazoa;p__Chordata;c__Aves;o__Charadriiformes;f__Laridae;g__Larus;s__marinus
MN122925.1	k__Metazoa;p__Chordata;c__Aves;o__Passeriformes;f__Laniidae;g__Lanius;s__excubitor
MN122926.1	k__Metazoa;p__Chordata;c__Aves;o__Anseriformes;f__Anatidae;g__Somateria;s__mollissima
MN122936.1	k__Metazoa;p__Chordata;c__Aves;o__Charadriiformes;f__Laridae;g__Larus;s__argentatus
MN186586.1	k__Metazoa;p__Chordata;c__Aves;o__Anseriformes;f__Anatidae;g__Mareca;s__strepera
MN356120.1	k__Metazoa;p__Chordata;c__Aves;o__Caprimulgiformes;f__Caprimulgidae;g__Antrostomus;s__carolinensis
MN356170.1	k__Metazoa;p__Chordata;c__Aves;o__Pelecaniformes;f__Anhingidae;g__Anhinga;s__anhinga
MN356183.1	k__Metazoa;p__Chordata;c__Aves;o__Passeriformes;f__Turdidae;g__Catharus;s__fuscescens
MN356185.1	k__Metazoa;p__Chordata;c__Aves;o__Passeriformes;f__Fringillidae;g__Loxia;s__leucoptera
MN356186.1	k__Metazoa;p__Chordata;c__Aves;o__Charadriiformes;f__Stercorariidae;g__Stercorarius;s__parasiticus
MN356197.1	k__Metazoa;p__Chordata;c__Aves;o__Passeriformes;f__Icteridae;g__Quiscalus;s__mexicanus
MN356203.1	k__Metazoa;p__Chordata;c__Aves;o__Passeriformes;f__Tyrannidae;g__Tyrannus;s__savana
MN356209.1	k__Metazoa;p__Chordata;c__Aves;o__Passeriformes;f__Parulidae;g__Setophaga;s__kirtlandii
MN356223.1	k__Metazoa;p__Chordata;c__Aves;o__Passeriformes;f__Laniidae;g__Lanius;s__ludovicianus
MN356224.1	k__Metazoa;p__Chordata;c__Aves;o__Passeriformes;f__Certhiidae;g__Polioptila;s__caerulea
MN356226.1	k__Metazoa;p__Chordata;c__Aves;o__Passeriformes;f__Certhiidae;g__Thryothorus;s__ludovicianus
MN356231.1	k__Metazoa;p__Chordata;c__Aves;o__Passeriformes;f__Muscicapidae;g__Oenanthe;s__oenanthe
MN356253.1	k__Metazoa;p__Chordata;c__Aves;o__Passeriformes;f__Bombycillidae;g__Bombycilla;s__garrulus
MN356290.1	k__Metazoa;p__Chordata;c__Aves;o__Cuculiformes;f__Crotophagidae;g__Crotophaga;s__sulcirostris
MN356293.1	k__Metazoa;p__Chordata;c__Aves;o__Charadriiformes;f__Scolopacidae;g__Arenaria;s__interpres
MN356325.1	k__Metazoa;p__Chordata;c__Aves;o__Accipitriformes;f__Pandionidae;g__Pandion;s__haliaetus
MN356326.1	k__Metazoa;p__Chordata;c__Aves;o__Gruiformes;f__Gruidae;g__Grus;s__americana
MN356331.1	k__Metazoa;p__Chordata;c__Aves;o__Passeriformes;f__Fringillidae;g__Calcarius;s__ornatus
MN356337.1	k__Metazoa;p__Chordata;c__Aves;o__Passeriformes;f__Passerellidae;g__Spizella;s__passerina
MN356386.1	k__Metazoa;p__Chordata;c__Aves;o__Passeriformes;f__Passerellidae;g__Zonotrichia;s__albicollis
MN356392.1	k__Metazoa;p__Chordata;c__Aves;o__Charadriiformes;f__Scolopacidae;g__Calidris;s__pugnax
MN356393.1	k__Metazoa;p__Chordata;c__Aves;o__Columbiformes;f__Columbidae;g__Patagioenas;s__fasciata
MN356400.1	k__Metazoa;p__Chordata;c__Aves;o__Pelecaniformes;f__Phalacrocoracidae;g__Phalacrocorax;s__auritus
MN356435.1	k__Metazoa;p__Chordata;c__Aves;o__Charadriiformes;f__Charadriidae;g__Charadrius;s__alexandrinus
MN483063.1	k__Metazoa;p__Chordata;c__Amphibia;o__Caudata;f__Plethodontidae;g__Plethodon;s__cinereus
MN485774.1	k__Metazoa;p__Chordata;c__Mammalia;o__Rodentia;f__Cricetidae;g__Ondatra;s__zibethicus
MN628106.1	k__Metazoa;p__Chordata;c__Mammalia;o__Primates;f__Hominidae;g__Homo;s__sapiens
MN699613.1	k__Metazoa;p__Chordata;c__Mammalia;o__Carnivora;f__Canidae;g__Canis;s__lupus_familiaris
MN699626.1	k__Metazoa;p__Chordata;c__Mammalia;o__Carnivora;f__Canidae;g__Canis;s__lupus_familiaris
MN699631.1	k__Metazoa;p__Chordata;c__Mammalia;o__Carnivora;f__Canidae;g__Canis;s__lupus_familiaris
MN699634.1	k__Metazoa;p__Chordata;c__Mammalia;o__Carnivora;f__Canidae;g__Canis;s__lupus_familiaris
MN720440.1	k__Metazoa;p__Chordata;c__Aves;o__Accipitriformes;f__Cathartidae;g__Coragyps;s__atratus
MN848579.1	k__Metazoa;p__Chordata;c__Mammalia;o__Primates;f__Hominidae;g__Homo;s__sapiens
MN848587.1	k__Metazoa;p__Chordata;c__Mammalia;o__Primates;f__Hominidae;g__Homo;s__sapiens
MT084805.1	k__Metazoa;p__Chordata;c__Mammalia;o__Rodentia;f__Cricetidae;g__Ondatra;s__zibethicus
MT492450.1	k__Metazoa;p__Chordata;c__Mammalia;o__Rodentia;f__Cricetidae;g__Synaptomys;s__cooperi
MT774149.1	k__Metazoa;p__Chordata;c__Mammalia;o__Chiroptera;f__Vespertilionidae;g__Lasionycteris;s__noctivagans
MT874477.1	k__Metazoa;p__Chordata;c__Mammalia;o__Carnivora;f__Mustelidae;g__Neogale;s__vison
MW077850.2	k__Metazoa;p__Chordata;c__Aves;o__Anseriformes;f__Anatidae;g__Clangula;s__hyemalis
MW168383.1	k__Metazoa;p__Chordata;c__Aves;o__Charadriiformes;f__Scolopacidae;g__Calidris;s__alpina
MW168384.1	k__Metazoa;p__Chordata;c__Aves;o__Charadriiformes;f__Scolopacidae;g__Calidris;s__alba
MW205895.1	k__Metazoa;p__Chordata;c__Mammalia;o__Carnivora;f__Mephitidae;g__Mephitis;s__mephitis
MW574354.1	k__Metazoa;p__Chordata;c__Aves;o__Anseriformes;f__Anatidae;g__Oxyura;s__jamaicensis
MW574394.1	k__Metazoa;p__Chordata;c__Aves;o__Galliformes;f__Phasianidae;g__Tympanuchus;s__cupido
MW599994.1	k__Metazoa;p__Chordata;c__Mammalia;o__Carnivora;f__Canidae;g__Urocyon;s__cinereoargenteus
MW600015.1	k__Metazoa;p__Chordata;c__Mammalia;o__Carnivora;f__Canidae;g__Urocyon;s__cinereoargenteus
MW600022.1	k__Metazoa;p__Chordata;c__Mammalia;o__Carnivora;f__Canidae;g__Urocyon;s__cinereoargenteus
MW698655.2	k__Metazoa;p__Chordata;c__Mammalia;o__Primates;f__Hominidae;g__Homo;s__sapiens
MW849280.1	k__Metazoa;p__Chordata;c__Aves;o__Anseriformes;f__Anatidae;g__Melanitta;s__perspicillata
MW849281.1	k__Metazoa;p__Chordata;c__Aves;o__Anseriformes;f__Anatidae;g__Bucephala;s__islandica
MW849283.1	k__Metazoa;p__Chordata;c__Aves;o__Anseriformes;f__Anatidae;g__Bucephala;s__clangula
MW849285.1	k__Metazoa;p__Chordata;c__Aves;o__Anseriformes;f__Anatidae;g__Mergus;s__serrator
MW849286.1	k__Metazoa;p__Chordata;c__Aves;o__Anseriformes;f__Anatidae;g__Bucephala;s__albeola
MW849287.1	k__Metazoa;p__Chordata;c__Aves;o__Anseriformes;f__Anatidae;g__Lophodytes;s__cucullatus
MW849288.1	k__Metazoa;p__Chordata;c__Aves;o__Anseriformes;f__Anatidae;g__Histrionicus;s__histrionicus
MW849291.1	k__Metazoa;p__Chordata;c__Aves;o__Anseriformes;f__Anatidae;g__Somateria;s__spectabilis
MW849292.1	k__Metazoa;p__Chordata;c__Aves;o__Anseriformes;f__Anatidae;g__Somateria;s__mollissima
MZ030793.1	k__Metazoa;p__Chordata;c__Mammalia;o__Rodentia;f__Geomyidae;g__Geomys;s__bursarius
MZ042344.1	k__Metazoa;p__Chordata;c__Mammalia;o__Carnivora;f__Canidae;g__Canis;s__lupus
MZ286764.1	k__Metazoa;p__Chordata;c__Actinopteri;o__Cyprinodontiformes;f__Fundulidae;g__Fundulus;s__dispar
MZ386793.1	k__Metazoa;p__Chordata;c__Mammalia;o__Primates;f__Hominidae;g__Homo;s__sapiens
MZ386896.1	k__Metazoa;p__Chordata;c__Mammalia;o__Primates;f__Hominidae;g__Homo;s__sapiens
MZ387081.1	k__Metazoa;p__Chordata;c__Mammalia;o__Primates;f__Hominidae;g__Homo;s__sapiens
MZ387349.1	k__Metazoa;p__Chordata;c__Mammalia;o__Primates;f__Hominidae;g__Homo;s__sapiens
MZ387356.1	k__Metazoa;p__Chordata;c__Mammalia;o__Primates;f__Hominidae;g__Homo;s__sapiens
MZ387384.1	k__Metazoa;p__Chordata;c__Mammalia;o__Primates;f__Hominidae;g__Homo;s__sapiens
MZ387642.1	k__Metazoa;p__Chordata;c__Mammalia;o__Primates;f__Hominidae;g__Homo;s__sapiens
MZ387695.1	k__Metazoa;p__Chordata;c__Mammalia;o__Primates;f__Hominidae;g__Homo;s__sapiens
MZ387982.1	k__Metazoa;p__Chordata;c__Mammalia;o__Primates;f__Hominidae;g__Homo;s__sapiens
MZ457414.1	k__Metazoa;p__Chordata;c__Mammalia;o__Eulipotyphla;f__Soricidae;g__Cryptotis;s__parvus
MZ457419.1	k__Metazoa;p__Chordata;c__Mammalia;o__Eulipotyphla;f__Soricidae;g__Cryptotis;s__parvus
MZ901687.1	k__Metazoa;p__Chordata;c__Mammalia;o__Artiodactyla;f__Bovidae;g__Bos;s__taurus
Macrhybopsis_aestivalis_(reversed)	k__Metazoa;p__Chordata;c__Actinopteri;o__Cypriniformes;f__Leuciscidae;g__Macrhybopsis;s__aestivalis
Macrhybopsis_aestivalis_2_(reversed)	k__Metazoa;p__Chordata;c__Actinopteri;o__Cypriniformes;f__Leuciscidae;g__Macrhybopsis;s__aestivalis
Macrhybopsis_gelida_(reversed)	k__Metazoa;p__Chordata;c__Actinopteri;o__Cypriniformes;f__Leuciscidae;g__Macrhybopsis;s__gelida
Macrhybopsis_hyostoma_(reversed)	k__Metazoa;p__Chordata;c__Actinopteri;o__Cypriniformes;f__Leuciscidae;g__Macrhybopsis;s__hyostoma
Macrhybopsis_meeki_(reversed)	k__Metazoa;p__Chordata;c__Actinopteri;o__Cypriniformes;f__Leuciscidae;g__Macrhybopsis;s__meeki
Macrhybopsis_storeriana_(reversed)	k__Metazoa;p__Chordata;c__Actinopteri;o__Cypriniformes;f__Leuciscidae;g__Macrhybopsis;s__storeriana
Macrhybopsis_storeriana_2_(reversed)	k__Metazoa;p__Chordata;c__Actinopteri;o__Cypriniformes;f__Leuciscidae;g__Macrhybopsis;s__storeriana
Menidia_beryllina_(reversed)	k__Metazoa;p__Chordata;c__Actinopteri;o__Atheriniformes;f__Atherinopsidae;g__Menidia;s__beryllina
Micropterus_dolomieu_(reversed)	k__Metazoa;p__Chordata;c__Actinopteri;o__Centrarchiformes;f__Centrarchidae;g__Micropterus;s__dolomieu
Micropterus_punctulatus_(reversed)	k__Metazoa;p__Chordata;c__Actinopteri;o__Centrarchiformes;f__Centrarchidae;g__Micropterus;s__punctulatus
Micropterus_salmoides_(reversed)	k__Metazoa;p__Chordata;c__Actinopteri;o__Centrarchiformes;f__Centrarchidae;g__Micropterus;s__salmoides
Micropterus_salmoides_2_(reversed)	k__Metazoa;p__Chordata;c__Actinopteri;o__Centrarchiformes;f__Centrarchidae;g__Micropterus;s__salmoides
Minytrema_melanops_(reversed)	k__Metazoa;p__Chordata;c__Actinopteri;o__Cypriniformes;f__Catostomidae;g__Minytrema;s__melanops
Minytrema_melanops_2_(reversed)	k__Metazoa;p__Chordata;c__Actinopteri;o__Cypriniformes;f__Catostomidae;g__Minytrema;s__melanops
Misgurnus_anguillicaudatus_(reversed)	k__Metazoa;p__Chordata;c__Actinopteri;o__Cypriniformes;f__Cobitidae;g__Misgurnus;s__anguillicaudatus
Misgurnus_anguillicaudatus_10_(reversed)	k__Metazoa;p__Chordata;c__Actinopteri;o__Cypriniformes;f__Cobitidae;g__Misgurnus;s__anguillicaudatus
Misgurnus_anguillicaudatus_11_(reversed)	k__Metazoa;p__Chordata;c__Actinopteri;o__Cypriniformes;f__Cobitidae;g__Misgurnus;s__anguillicaudatus
Misgurnus_anguillicaudatus_12_(reversed)	k__Metazoa;p__Chordata;c__Actinopteri;o__Cypriniformes;f__Cobitidae;g__Misgurnus;s__anguillicaudatus
Misgurnus_anguillicaudatus_2_(reversed)	k__Metazoa;p__Chordata;c__Actinopteri;o__Cypriniformes;f__Cobitidae;g__Misgurnus;s__anguillicaudatus
Misgurnus_anguillicaudatus_3_(reversed)	k__Metazoa;p__Chordata;c__Actinopteri;o__Cypriniformes;f__Cobitidae;g__Misgurnus;s__anguillicaudatus
Misgurnus_anguillicaudatus_4_(reversed)	k__Metazoa;p__Chordata;c__Actinopteri;o__Cypriniformes;f__Cobitidae;g__Misgurnus;s__anguillicaudatus
Misgurnus_anguillicaudatus_6_(reversed)	k__Metazoa;p__Chordata;c__Actinopteri;o__Cypriniformes;f__Cobitidae;g__Misgurnus;s__anguillicaudatus
Misgurnus_anguillicaudatus_7_(reversed)	k__Metazoa;p__Chordata;c__Actinopteri;o__Cypriniformes;f__Cobitidae;g__Misgurnus;s__anguillicaudatus
Misgurnus_anguillicaudatus_8_(reversed)	k__Metazoa;p__Chordata;c__Actinopteri;o__Cypriniformes;f__Cobitidae;g__Misgurnus;s__anguillicaudatus
Misgurnus_anguillicaudatus_9_(reversed)	k__Metazoa;p__Chordata;c__Actinopteri;o__Cypriniformes;f__Cobitidae;g__Misgurnus;s__anguillicaudatus
Morone_americana_(reversed)	k__Metazoa;p__Chordata;c__Actinopteri;o__Moroniformes;f__Moronidae;g__Morone;s__americana
Morone_chrysops_(reversed)	k__Metazoa;p__Chordata;c__Actinopteri;o__Moroniformes;f__Moronidae;g__Morone;s__chrysops
Morone_chrysops_2_(reversed)	k__Metazoa;p__Chordata;c__Actinopteri;o__Moroniformes;f__Moronidae;g__Morone;s__chrysops
Morone_saxatilis_(reversed)	k__Metazoa;p__Chordata;c__Actinopteri;o__Moroniformes;f__Moronidae;g__Morone;s__saxatilis
Moxostoma_anisurum_(reversed)	k__Metazoa;p__Chordata;c__Actinopteri;o__Cypriniformes;f__Catostomidae;g__Moxostoma;s__anisurum
Moxostoma_anisurum_2_(reversed)	k__Metazoa;p__Chordata;c__Actinopteri;o__Cypriniformes;f__Catostomidae;g__Moxostoma;s__anisurum
Moxostoma_carinatum_(reversed)	k__Metazoa;p__Chordata;c__Actinopteri;o__Cypriniformes;f__Catostomidae;g__Moxostoma;s__carinatum
Moxostoma_duquesnii_5968_12SV5	k__Metazoa;p__Chordata;c__Actinopteri;o__Cypriniformes;f__Catostomidae;g__Moxostoma;s__duquesnii
Moxostoma_macrolepidotum_(reversed)	k__Metazoa;p__Chordata;c__Actinopteri;o__Cypriniformes;f__Catostomidae;g__Moxostoma;s__macrolepidotum
Mugil_cephalus_(reversed)	k__Metazoa;p__Chordata;c__Actinopteri;o__Mugiliformes;f__Mugilidae;g__Mugil;s__cephalus
Mugil_cephalus_2_(reversed)	k__Metazoa;p__Chordata;c__Actinopteri;o__Mugiliformes;f__Mugilidae;g__Mugil;s__cephalus
Mugil_cephalus_3_(reversed)	k__Metazoa;p__Chordata;c__Actinopteri;o__Mugiliformes;f__Mugilidae;g__Mugil;s__cephalus
Mugil_cephalus_4_(reversed)	k__Metazoa;p__Chordata;c__Actinopteri;o__Mugiliformes;f__Mugilidae;g__Mugil;s__cephalus
Mugil_cephalus_5_(reversed)	k__Metazoa;p__Chordata;c__Actinopteri;o__Mugiliformes;f__Mugilidae;g__Mugil;s__cephalus
Mugil_cephalus_6_(reversed)	k__Metazoa;p__Chordata;c__Actinopteri;o__Mugiliformes;f__Mugilidae;g__Mugil;s__cephalus
Mylopharyngodon_piceus_(reversed)	k__Metazoa;p__Chordata;c__Actinopteri;o__Cypriniformes;f__Xenocyprididae;g__Mylopharyngodon;s__piceus
NC036387_Ameiurus_nebulosus	k__Metazoa;p__Chordata;c__Actinopteri;o__Siluriformes;f__Ictaluridae;g__Ameiurus;s__nebulosus
NC_001700.1	k__Metazoa;p__Chordata;c__Mammalia;o__Carnivora;f__Felidae;g__Felis;s__catus
NC_005044.2	k__Metazoa;p__Chordata;c__Mammalia;o__Artiodactyla;f__Bovidae;g__Capra;s__hircus
NC_005276.1	k__Metazoa;p__Chordata;c__Mammalia;o__Artiodactyla;f__Iniidae;g__Inia;s__geoffrensis
NC_060992.1	k__Metazoa;p__Chordata;c__Aves;o__Passeriformes;f__Hirundinidae;g__Riparia;s__riparia
NC_063095.1	k__Metazoa;p__Chordata;c__Reptilia;o__Testudines;f__Emydidae;g__Pseudemys;s__concinna
NC_063128.1	k__Metazoa;p__Chordata;c__Aves;o__Gruiformes;f__Rallidae;g__Coturnicops;s__noveboracensis
NC_068663.1	k__Metazoa;p__Chordata;c__Aves;o__Anseriformes;f__Anatidae;g__Aythya;s__marila
NC_069631.1	k__Metazoa;p__Chordata;c__Reptilia;o__Testudines;f__Emydidae;g__Terrapene;s__carolina
NC_071766.1	k__Metazoa;p__Chordata;c__Reptilia;o__Testudines;f__Emydidae;g__Graptemys;s__ouachitensis
NC_071788.1	k__Metazoa;p__Chordata;c__Mammalia;o__Carnivora;f__Mustelidae;g__Lontra;s__canadensis
NC_071935.1	k__Metazoa;p__Chordata;c__Reptilia;o__Squamata;f__Viperidae;g__Sistrurus;s__catenatus
NC_072703.1	k__Metazoa;p__Chordata;c__Aves;o__Passeriformes;f__Corvidae;g__Pica;s__hudsonia
Neogobius_melanostomus_(reversed)	k__Metazoa;p__Chordata;c__Actinopteri;o__Gobiiformes;f__Gobiidae;g__Neogobius;s__melanostomus
Nocomis_biguttatus_(reversed)	k__Metazoa;p__Chordata;c__Actinopteri;o__Cypriniformes;f__Leuciscidae;g__Nocomis;s__biguttatus
Nocomis_micropogon_(reversed)	k__Metazoa;p__Chordata;c__Actinopteri;o__Cypriniformes;f__Leuciscidae;g__Nocomis;s__micropogon
Notemigonus_crysoleucas_(reversed)	k__Metazoa;p__Chordata;c__Actinopteri;o__Cypriniformes;f__Leuciscidae;g__Notemigonus;s__crysoleucas
Notemigonus_crysoleucas_2_(reversed)	k__Metazoa;p__Chordata;c__Actinopteri;o__Cypriniformes;f__Leuciscidae;g__Notemigonus;s__crysoleucas
Notropis_atherinoides_(reversed)	k__Metazoa;p__Chordata;c__Actinopteri;o__Cypriniformes;f__Leuciscidae;g__Notropis;s__atherinoides
Notropis_atherinoides_2_(reversed)	k__Metazoa;p__Chordata;c__Actinopteri;o__Cypriniformes;f__Leuciscidae;g__Notropis;s__atherinoides
Notropis_blennius_(reversed)	k__Metazoa;p__Chordata;c__Actinopteri;o__Cypriniformes;f__Leuciscidae;g__Notropis;s__blennius
Notropis_buccatus_131180_12SV5	k__Metazoa;p__Chordata;c__Actinopteri;o__Cypriniformes;f__Leuciscidae;g__Notropis;s__buccata
Notropis_chalybaeus_(reversed)	k__Metazoa;p__Chordata;c__Actinopteri;o__Cypriniformes;f__Leuciscidae;g__Notropis;s__chalybaeus
Notropis_heterolepis_(reversed)	k__Metazoa;p__Chordata;c__Actinopteri;o__Cypriniformes;f__Leuciscidae;g__Notropis;s__heterolepis
Notropis_hudsonius_(reversed)	k__Metazoa;p__Chordata;c__Actinopteri;o__Cypriniformes;f__Leuciscidae;g__Notropis;s__hudsonius
Notropis_maculatus_(reversed)	k__Metazoa;p__Chordata;c__Actinopteri;o__Cypriniformes;f__Leuciscidae;g__Notropis;s__maculatus
Notropis_stramineus_(reversed)	k__Metazoa;p__Chordata;c__Actinopteri;o__Cypriniformes;f__Leuciscidae;g__Notropis;s__stramineus
Notropis_stramineus_2_(reversed)	k__Metazoa;p__Chordata;c__Actinopteri;o__Cypriniformes;f__Leuciscidae;g__Notropis;s__stramineus
Notropis_texanus_(reversed)	k__Metazoa;p__Chordata;c__Actinopteri;o__Cypriniformes;f__Leuciscidae;g__Notropis;s__texanus
Notropis_texanus_2_(reversed)	k__Metazoa;p__Chordata;c__Actinopteri;o__Cypriniformes;f__Leuciscidae;g__Notropis;s__texanus
Notropis_volucellus_(reversed)	k__Metazoa;p__Chordata;c__Actinopteri;o__Cypriniformes;f__Leuciscidae;g__Notropis;s__volucellus
Notropis_volucellus_2_(reversed)	k__Metazoa;p__Chordata;c__Actinopteri;o__Cypriniformes;f__Leuciscidae;g__Notropis;s__volucellus
Noturus_flavus_(reversed)	k__Metazoa;p__Chordata;c__Actinopteri;o__Siluriformes;f__Ictaluridae;g__Noturus;s__flavus
Noturus_gyrinus_(reversed)	k__Metazoa;p__Chordata;c__Actinopteri;o__Siluriformes;f__Ictaluridae;g__Noturus;s__gyrinus
OL547458.1	k__Metazoa;p__Chordata;c__Mammalia;o__Artiodactyla;f__Suidae;g__Sus;s__scrofa
OL547471.1	k__Metazoa;p__Chordata;c__Mammalia;o__Artiodactyla;f__Suidae;g__Sus;s__scrofa
OL547472.1	k__Metazoa;p__Chordata;c__Mammalia;o__Artiodactyla;f__Suidae;g__Sus;s__scrofa
OL547475.1	k__Metazoa;p__Chordata;c__Mammalia;o__Artiodactyla;f__Suidae;g__Sus;s__scrofa
OL547479.1	k__Metazoa;p__Chordata;c__Mammalia;o__Artiodactyla;f__Suidae;g__Sus;s__scrofa
OL638730.1	k__Metazoa;p__Chordata;c__Mammalia;o__Primates;f__Hominidae;g__Homo;s__sapiens
OM194321.1	k__Metazoa;p__Chordata;c__Mammalia;o__Primates;f__Hominidae;g__Homo;s__sapiens
OM638219.1	k__Metazoa;p__Chordata;c__Mammalia;o__Primates;f__Hominidae;g__Homo;s__sapiens
OM714645.1	k__Metazoa;p__Chordata;c__Mammalia;o__Primates;f__Hominidae;g__Homo;s__sapiens
OP620844.1	k__Metazoa;p__Chordata;c__Mammalia;o__Primates;f__Hominidae;g__Homo;s__sapiens
OP620856.1	k__Metazoa;p__Chordata;c__Mammalia;o__Primates;f__Hominidae;g__Homo;s__sapiens
OP859011.1	k__Metazoa;p__Chordata;c__Mammalia;o__Artiodactyla;f__Bovidae;g__Bos;s__taurus
OQ117377.1	k__Metazoa;p__Chordata;c__Mammalia;o__Carnivora;f__Canidae;g__Canis;s__lupus
OQ340113.1	k__Metazoa;p__Chordata;c__Mammalia;o__Carnivora;f__Canidae;g__Canis;s__lupus_familiaris
OQ707135.1	k__Metazoa;p__Chordata;c__Mammalia;o__Primates;f__Hominidae;g__Homo;s__sapiens
OQ707150.1	k__Metazoa;p__Chordata;c__Mammalia;o__Primates;f__Hominidae;g__Homo;s__sapiens
Oncorhynchus_kisutch_(reversed)	k__Metazoa;p__Chordata;c__Actinopteri;o__Salmoniformes;f__Salmonidae;g__Oncorhynchus;s__kisutch
Oncorhynchus_mykiss_(reversed)	k__Metazoa;p__Chordata;c__Actinopteri;o__Salmoniformes;f__Salmonidae;g__Oncorhynchus;s__mykiss
Oncorhynchus_mykiss_2_(reversed)	k__Metazoa;p__Chordata;c__Actinopteri;o__Salmoniformes;f__Salmonidae;g__Oncorhynchus;s__mykiss
Oncorhynchus_mykiss_3_(reversed)	k__Metazoa;p__Chordata;c__Actinopteri;o__Salmoniformes;f__Salmonidae;g__Oncorhynchus;s__mykiss
Oncorhynchus_mykiss_4_(reversed)	k__Metazoa;p__Chordata;c__Actinopteri;o__Salmoniformes;f__Salmonidae;g__Oncorhynchus;s__mykiss
Oncorhynchus_mykiss_5_(reversed)	k__Metazoa;p__Chordata;c__Actinopteri;o__Salmoniformes;f__Salmonidae;g__Oncorhynchus;s__mykiss
Oncorhynchus_mykiss_7_(reversed)	k__Metazoa;p__Chordata;c__Actinopteri;o__Salmoniformes;f__Salmonidae;g__Oncorhynchus;s__mykiss
Oncorhynchus_mykiss_8_(reversed)	k__Metazoa;p__Chordata;c__Actinopteri;o__Salmoniformes;f__Salmonidae;g__Oncorhynchus;s__mykiss
Oncorhynchus_tshawytscha_(reversed)	k__Metazoa;p__Chordata;c__Actinopteri;o__Salmoniformes;f__Salmonidae;g__Oncorhynchus;s__tshawytscha
Perca_flavescens_(reversed)	k__Metazoa;p__Chordata;c__Actinopteri;o__Perciformes;f__Percidae;g__Perca;s__flavescens
Percina_caprodes_(reversed)	k__Metazoa;p__Chordata;c__Actinopteri;o__Perciformes;f__Percidae;g__Percina;s__caprodes
Percina_caprodes_2_(reversed)	k__Metazoa;p__Chordata;c__Actinopteri;o__Perciformes;f__Percidae;g__Percina;s__caprodes
Percina_maculata_(reversed)	k__Metazoa;p__Chordata;c__Actinopteri;o__Perciformes;f__Percidae;g__Percina;s__maculata
Percina_phoxocephala_(reversed)	k__Metazoa;p__Chordata;c__Actinopteri;o__Perciformes;f__Percidae;g__Percina;s__phoxocephala
Percopsis_omiscomaycus_(reversed)	k__Metazoa;p__Chordata;c__Actinopteri;o__Percopsiformes;f__Percopsidae;g__Percopsis;s__omiscomaycus
Percopsis_omiscomaycus_2_(reversed)	k__Metazoa;p__Chordata;c__Actinopteri;o__Percopsiformes;f__Percopsidae;g__Percopsis;s__omiscomaycus
Percopsis_omiscomaycus_3_(reversed)	k__Metazoa;p__Chordata;c__Actinopteri;o__Percopsiformes;f__Percopsidae;g__Percopsis;s__omiscomaycus
Petromyzon_marinus_(reversed)	k__Metazoa;p__Chordata;c__Hyperoartia;o__Petromyzontiformes;f__Petromyzontidae;g__Petromyzon;s__marinus
Petromyzon_marinus_2_(reversed)	k__Metazoa;p__Chordata;c__Hyperoartia;o__Petromyzontiformes;f__Petromyzontidae;g__Petromyzon;s__marinus
Petromyzon_marinus_3_(reversed)	k__Metazoa;p__Chordata;c__Hyperoartia;o__Petromyzontiformes;f__Petromyzontidae;g__Petromyzon;s__marinus
Petromyzon_marinus_4_(reversed)	k__Metazoa;p__Chordata;c__Hyperoartia;o__Petromyzontiformes;f__Petromyzontidae;g__Petromyzon;s__marinus
Petromyzon_marinus_5_(reversed)	k__Metazoa;p__Chordata;c__Hyperoartia;o__Petromyzontiformes;f__Petromyzontidae;g__Petromyzon;s__marinus
Petromyzon_marinus_6_(reversed)	k__Metazoa;p__Chordata;c__Hyperoartia;o__Petromyzontiformes;f__Petromyzontidae;g__Petromyzon;s__marinus
Petromyzon_marinus_7_(reversed)	k__Metazoa;p__Chordata;c__Hyperoartia;o__Petromyzontiformes;f__Petromyzontidae;g__Petromyzon;s__marinus
Petromyzon_marinus_8_(reversed)	k__Metazoa;p__Chordata;c__Hyperoartia;o__Petromyzontiformes;f__Petromyzontidae;g__Petromyzon;s__marinus
Petromyzon_marinus_9_(reversed)	k__Metazoa;p__Chordata;c__Hyperoartia;o__Petromyzontiformes;f__Petromyzontidae;g__Petromyzon;s__marinus
Phenacobius_mirabilis_(reversed)	k__Metazoa;p__Chordata;c__Actinopteri;o__Cypriniformes;f__Leuciscidae;g__Phenacobius;s__mirabilis
Phenacobius_mirabilis_2_(reversed)	k__Metazoa;p__Chordata;c__Actinopteri;o__Cypriniformes;f__Leuciscidae;g__Phenacobius;s__mirabilis
Pimephales_notatus_(reversed)	k__Metazoa;p__Chordata;c__Actinopteri;o__Cypriniformes;f__Leuciscidae;g__Pimephales;s__notatus
Pimephales_notatus_2_(reversed)	k__Metazoa;p__Chordata;c__Actinopteri;o__Cypriniformes;f__Leuciscidae;g__Pimephales;s__notatus
Pimephales_notatus_3_(reversed)	k__Metazoa;p__Chordata;c__Actinopteri;o__Cypriniformes;f__Leuciscidae;g__Pimephales;s__notatus
Pimephales_notatus_4_(reversed)	k__Metazoa;p__Chordata;c__Actinopteri;o__Cypriniformes;f__Leuciscidae;g__Pimephales;s__notatus
Pimephales_promelas_(reversed)	k__Metazoa;p__Chordata;c__Actinopteri;o__Cypriniformes;f__Leuciscidae;g__Pimephales;s__promelas
Pimephales_promelas_2_(reversed)	k__Metazoa;p__Chordata;c__Actinopteri;o__Cypriniformes;f__Leuciscidae;g__Pimephales;s__promelas
Pimephales_promelas_3_(reversed)	k__Metazoa;p__Chordata;c__Actinopteri;o__Cypriniformes;f__Leuciscidae;g__Pimephales;s__promelas
Pimephales_promelas_4_(reversed)	k__Metazoa;p__Chordata;c__Actinopteri;o__Cypriniformes;f__Leuciscidae;g__Pimephales;s__promelas
Pimephales_promelas_5_(reversed)	k__Metazoa;p__Chordata;c__Actinopteri;o__Cypriniformes;f__Leuciscidae;g__Pimephales;s__promelas
Pimephales_promelas_6_(reversed)	k__Metazoa;p__Chordata;c__Actinopteri;o__Cypriniformes;f__Leuciscidae;g__Pimephales;s__promelas
Pimephales_vigilax_(reversed)	k__Metazoa;p__Chordata;c__Actinopteri;o__Cypriniformes;f__Leuciscidae;g__Pimephales;s__vigilax
Pimephales_vigilax_2_(reversed)	k__Metazoa;p__Chordata;c__Actinopteri;o__Cypriniformes;f__Leuciscidae;g__Pimephales;s__vigilax
Pimephales_vigilax_3_(reversed)	k__Metazoa;p__Chordata;c__Actinopteri;o__Cypriniformes;f__Leuciscidae;g__Pimephales;s__vigilax
Platygobio_gracilis_(reversed)	k__Metazoa;p__Chordata;c__Actinopteri;o__Cypriniformes;f__Leuciscidae;g__Platygobio;s__gracilis
Poecilia_latipinna_(reversed)	k__Metazoa;p__Chordata;c__Actinopteri;o__Cyprinodontiformes;f__Poeciliidae;g__Poecilia;s__latipinna
Poecilia_reticulata_(reversed)	k__Metazoa;p__Chordata;c__Actinopteri;o__Cyprinodontiformes;f__Poeciliidae;g__Poecilia;s__reticulata
Polyodon_spathula_(reversed)	k__Metazoa;p__Chordata;c__Actinopteri;o__Acipenseriformes;f__Polyodontidae;g__Polyodon;s__spathula
Polyodon_spathula_2_(reversed)	k__Metazoa;p__Chordata;c__Actinopteri;o__Acipenseriformes;f__Polyodontidae;g__Polyodon;s__spathula
Polyodon_spathula_3_(reversed)	k__Metazoa;p__Chordata;c__Actinopteri;o__Acipenseriformes;f__Polyodontidae;g__Polyodon;s__spathula
Pomoxis_annularis_(reversed)	k__Metazoa;p__Chordata;c__Actinopteri;o__Centrarchiformes;f__Centrarchidae;g__Pomoxis;s__annularis
Pomoxis_nigromaculatus_(reversed)	k__Metazoa;p__Chordata;c__Actinopteri;o__Centrarchiformes;f__Centrarchidae;g__Pomoxis;s__nigromaculatus
Pomoxis_nigromaculatus_2_(reversed)	k__Metazoa;p__Chordata;c__Actinopteri;o__Centrarchiformes;f__Centrarchidae;g__Pomoxis;s__nigromaculatus
Prosopium_cylindraceum_(reversed)	k__Metazoa;p__Chordata;c__Actinopteri;o__Salmoniformes;f__Salmonidae;g__Prosopium;s__cylindraceum
Pungitius_pungitius_(reversed)	k__Metazoa;p__Chordata;c__Actinopteri;o__Perciformes;f__Gasterosteidae;g__Pungitius;s__pungitius
Pungitius_pungitius_2_(reversed)	k__Metazoa;p__Chordata;c__Actinopteri;o__Perciformes;f__Gasterosteidae;g__Pungitius;s__pungitius
Pungitius_pungitius_3_(reversed)	k__Metazoa;p__Chordata;c__Actinopteri;o__Perciformes;f__Gasterosteidae;g__Pungitius;s__pungitius
Pungitius_pungitius_4_(reversed)	k__Metazoa;p__Chordata;c__Actinopteri;o__Perciformes;f__Gasterosteidae;g__Pungitius;s__pungitius
Pylodictis_olivaris_(reversed)	k__Metazoa;p__Chordata;c__Actinopteri;o__Siluriformes;f__Ictaluridae;g__Pylodictis;s__olivaris
RGY00001_Neogobius_melanostomus	k__Metazoa;p__Chordata;c__Actinopteri;o__Gobiiformes;f__Gobiidae;g__Neogobius;s__melanostomus
RKB00004_Ambloplites_rupestris	k__Metazoa;p__Chordata;c__Actinopteri;o__Centrarchiformes;f__Centrarchidae;g__Ambloplites;s__rupestris
RSF00001_Lepomis_microlophus	k__Metazoa;p__Chordata;c__Actinopteri;o__Centrarchiformes;f__Centrarchidae;g__Lepomis;s__microlophus
Rhinichthys_atratulus_(reversed)	k__Metazoa;p__Chordata;c__Actinopteri;o__Cypriniformes;f__Leuciscidae;g__Rhinichthys;s__atratulus
Rhinichthys_cataractae_(reversed)	k__Metazoa;p__Chordata;c__Actinopteri;o__Cypriniformes;f__Leuciscidae;g__Rhinichthys;s__cataractae
Rhinichthys_obtusus_(reversed)	k__Metazoa;p__Chordata;c__Actinopteri;o__Cypriniformes;f__Leuciscidae;g__Rhinichthys;s__obtusus
SAS00001_Notropis_stramineus	k__Metazoa;p__Chordata;c__Actinopteri;o__Cypriniformes;f__Leuciscidae;g__Notropis;s__stramineus
SHR00001_Moxostoma_macrolepidotum	k__Metazoa;p__Chordata;c__Actinopteri;o__Cypriniformes;f__Catostomidae;g__Moxostoma;s__macrolepidotum
STS00001_Notropis_hudsonius	k__Metazoa;p__Chordata;c__Actinopteri;o__Cypriniformes;f__Leuciscidae;g__Notropis;s__hudsonius
Salmo_trutta_(reversed)	k__Metazoa;p__Chordata;c__Actinopteri;o__Salmoniformes;f__Salmonidae;g__Salmo;s__trutta
Salvelinus_fontinalis_(reversed)	k__Metazoa;p__Chordata;c__Actinopteri;o__Salmoniformes;f__Salmonidae;g__Salvelinus;s__fontinalis
Salvelinus_namaycush_(reversed)	k__Metazoa;p__Chordata;c__Actinopteri;o__Salmoniformes;f__Salmonidae;g__Salvelinus;s__namaycush
Salvelinus_namaycush_2_(reversed)	k__Metazoa;p__Chordata;c__Actinopteri;o__Salmoniformes;f__Salmonidae;g__Salvelinus;s__namaycush
Sander_canadensis_(reversed)	k__Metazoa;p__Chordata;c__Actinopteri;o__Perciformes;f__Percidae;g__Sander;s__canadensis
Sander_canadensis_2_(reversed)	k__Metazoa;p__Chordata;c__Actinopteri;o__Perciformes;f__Percidae;g__Sander;s__canadensis
Sander_vitreus_(reversed)	k__Metazoa;p__Chordata;c__Actinopteri;o__Perciformes;f__Percidae;g__Sander;s__vitreus
Sander_vitreus_2_(reversed)	k__Metazoa;p__Chordata;c__Actinopteri;o__Perciformes;f__Percidae;g__Sander;s__vitreus
Sander_vitreus_3_(reversed)	k__Metazoa;p__Chordata;c__Actinopteri;o__Perciformes;f__Percidae;g__Sander;s__vitreus
Sander_vitreus_4_(reversed)	k__Metazoa;p__Chordata;c__Actinopteri;o__Perciformes;f__Percidae;g__Sander;s__vitreus
Scaphirhynchus_albus_(reversed)	k__Metazoa;p__Chordata;c__Actinopteri;o__Acipenseriformes;f__Acipenseridae;g__Scaphirhynchus;s__albus
Scaphirhynchus_albus_2_(reversed)	k__Metazoa;p__Chordata;c__Actinopteri;o__Acipenseriformes;f__Acipenseridae;g__Scaphirhynchus;s__albus
Scaphirhynchus_platorynchus_(reversed)	k__Metazoa;p__Chordata;c__Actinopteri;o__Acipenseriformes;f__Acipenseridae;g__Scaphirhynchus;s__platorynchus
Scaphirhynchus_platorynchus_2_(reversed)	k__Metazoa;p__Chordata;c__Actinopteri;o__Acipenseriformes;f__Acipenseridae;g__Scaphirhynchus;s__platorynchus
Scaphirhynchus_platorynchus_3_(reversed)	k__Metazoa;p__Chordata;c__Actinopteri;o__Acipenseriformes;f__Acipenseridae;g__Scaphirhynchus;s__platorynchus
Scardinius_erythrophthalmus_(reversed)	k__Metazoa;p__Chordata;c__Actinopteri;o__Cypriniformes;f__Leuciscidae;g__Scardinius;s__erythrophthalmus
Semotilus_atromaculatus_(reversed)	k__Metazoa;p__Chordata;c__Actinopteri;o__Cypriniformes;f__Leuciscidae;g__Semotilus;s__atromaculatus
U11880_Petromyzon_marinus	k__Metazoa;p__Chordata;c__Hyperoartia;o__Petromyzontiformes;f__Petromyzontidae;g__Petromyzon;s__marinus
U58927.1	k__Metazoa;p__Chordata;c__Mammalia;o__Lagomorpha;f__Leporidae;g__Sylvilagus;s__aquaticus
U58929.1	k__Metazoa;p__Chordata;c__Mammalia;o__Lagomorpha;f__Leporidae;g__Sylvilagus;s__floridanus
U59174.1	k__Metazoa;p__Chordata;c__Mammalia;o__Rodentia;f__Sciuridae;g__Sciurus;s__niger
U59666.1	k__Metazoa;p__Chordata;c__Aves;o__Anseriformes;f__Anatidae;g__Anas;s__platyrhynchos
U59667.1	k__Metazoa;p__Chordata;c__Aves;o__Anseriformes;f__Anatidae;g__Cygnus;s__buccinator
U67300.1	k__Metazoa;p__Chordata;c__Mammalia;o__Rodentia;f__Geomyidae;g__Geomys;s__bursarius
U71234.1	k__Metazoa;p__Chordata;c__Amphibia;o__Caudata;f__Plethodontidae;g__Desmognathus;s__conanti
U83725.1	k__Metazoa;p__Chordata;c__Aves;o__Accipitriformes;f__Pandionidae;g__Pandion;s__haliaetus
U83734.1	k__Metazoa;p__Chordata;c__Aves;o__Anseriformes;f__Anatidae;g__Anser;s__rossii
U83737.1	k__Metazoa;p__Chordata;c__Aves;o__Anseriformes;f__Anatidae;g__Dendrocygna;s__bicolor
U83740.1	k__Metazoa;p__Chordata;c__Aves;o__Galliformes;f__Phasianidae;g__Bonasa;s__umbellus
U83744.2	k__Metazoa;p__Chordata;c__Aves;o__Charadriiformes;f__Scolopacidae;g__Scolopax;s__minor
U83749.1	k__Metazoa;p__Chordata;c__Aves;o__Strigiformes;f__Tytonidae;g__Tyto;s__alba
U83750.1	k__Metazoa;p__Chordata;c__Aves;o__Strigiformes;f__Strigidae;g__Bubo;s__scandiacus
U83757.1	k__Metazoa;p__Chordata;c__Aves;o__Strigiformes;f__Strigidae;g__Bubo;s__virginianus
U83758.1	k__Metazoa;p__Chordata;c__Aves;o__Strigiformes;f__Strigidae;g__Asio;s__flammeus
U83759.1	k__Metazoa;p__Chordata;c__Aves;o__Strigiformes;f__Strigidae;g__Aegolius;s__acadicus
U83765.2	k__Metazoa;p__Chordata;c__Aves;o__Passeriformes;f__Tyrannidae;g__Sayornis;s__phoebe
U86140.1	k__Metazoa;p__Chordata;c__Aves;o__Passeriformes;f__Icteridae;g__Sturnella;s__magna
U89227.1	k__Metazoa;p__Chordata;c__Aves;o__Strigiformes;f__Strigidae;g__Aegolius;s__acadicus
Umbra_limi_(reversed)	k__Metazoa;p__Chordata;c__Actinopteri;o__Esociformes;f__Umbridae;g__Umbra;s__limi
X89795.1	k__Metazoa;p__Chordata;c__Mammalia;o__Rodentia;f__Cricetidae;g__Peromyscus;s__gossypinus
X89796.1	k__Metazoa;p__Chordata;c__Mammalia;o__Rodentia;f__Cricetidae;g__Peromyscus;s__maniculatus
Xiphophorus_hellerii_(reversed)	k__Metazoa;p__Chordata;c__Actinopteri;o__Cyprinodontiformes;f__Poeciliidae;g__Xiphophorus;s__hellerii
Xiphophorus_hellerii_2_(reversed)	k__Metazoa;p__Chordata;c__Actinopteri;o__Cyprinodontiformes;f__Poeciliidae;g__Xiphophorus;s__hellerii
Xiphophorus_maculatus_(reversed)	k__Metazoa;p__Chordata;c__Actinopteri;o__Cyprinodontiformes;f__Poeciliidae;g__Xiphophorus;s__maculatus
Xiphophorus_variatus_(reversed)	k__Metazoa;p__Chordata;c__Actinopteri;o__Cyprinodontiformes;f__Poeciliidae;g__Xiphophorus;s__variatus
Y08514.1	k__Metazoa;p__Chordata;c__Mammalia;o__Carnivora;f__Mustelidae;g__Neogale;s__vison
Y10946.1	k__Metazoa;p__Chordata;c__Amphibia;o__Caudata;f__Sirenidae;g__Siren;s__intermedia
AF118684.1	k__Metazoa;p__Chordata;c__Actinopteri;o__Siluriformes;f__Ictaluridae;g__Noturus;s__exilis
OR379638.1	k__Metazoa;p__Chordata;c__Hyperoartia;o__Petromyzontiformes;f__Petromyzontidae;g__Lethenteron;s__appendix
OR379739.1	k__Metazoa;p__Chordata;c__Actinopteri;o__Cypriniformes;f__Leuciscidae;g__Notropis;s__rubellus
